date,open,close,high,low,volume
2019-01-02,5.27,5.16,5.32,5.15,114177.0
2019-01-03,5.11,5.19,5.33,5.11,188843.0
2019-01-04,5.08,5.45,5.51,5.05,299363.0
2019-01-07,5.4,5.59,5.65,5.38,318278.0
2019-01-08,5.52,5.48,5.55,5.42,221112.0
2019-01-09,5.53,5.58,5.77,5.49,360726.0
2019-01-10,5.55,5.48,5.63,5.43,241245.0
2019-01-11,5.49,5.5,5.53,5.43,161182.0
2019-01-14,5.46,5.36,5.49,5.31,159872.0
2019-01-15,5.39,5.46,5.47,5.32,152978.0
2019-01-16,5.46,5.43,5.56,5.42,168150.0
2019-01-17,5.4,5.25,5.42,5.25,203132.0
2019-01-18,5.28,5.29,5.32,5.21,146312.0
2019-01-21,5.28,5.29,5.35,5.25,140477.0
2019-01-22,5.28,5.1,5.28,5.08,191187.0
2019-01-23,5.09,5.16,5.19,5.06,138718.0
2019-01-24,5.16,5.23,5.28,5.13,163098.0
2019-01-25,5.25,5.12,5.27,5.11,163069.0
2019-01-28,5.17,5.23,5.24,5.09,160573.0
2019-01-29,5.2,5.15,5.24,4.99,194546.0
2019-01-30,5.03,4.89,5.12,4.85,214452.0
2019-01-31,4.93,4.86,4.98,4.64,207726.0
2019-02-01,4.83,4.95,4.97,4.82,131577.0
2019-02-11,4.97,5.1,5.13,4.94,176290.0
2019-02-12,5.09,5.37,5.46,5.06,363022.0
2019-02-13,5.3,5.47,5.51,5.27,442920.0
2019-02-14,5.42,5.78,6.0,5.39,727706.0
2019-02-15,5.68,5.55,5.85,5.52,566340.0
2019-02-18,5.6,5.7,5.73,5.57,415854.0
2019-02-19,5.7,5.81,5.97,5.64,582403.0
2019-02-20,5.83,5.91,5.95,5.74,437924.0
2019-02-21,5.86,5.75,6.05,5.67,525837.0
2019-02-22,5.76,6.06,6.08,5.75,676252.0
2019-02-25,6.26,6.31,6.44,5.91,861667.0
2019-02-26,6.16,6.26,6.65,6.06,857544.0
2019-02-27,6.18,6.2,6.37,6.11,487088.0
2019-02-28,6.23,6.4,6.55,6.16,561176.0
2019-03-01,6.33,6.27,6.41,6.12,409124.0
2019-03-04,6.3,6.62,6.64,6.2,776378.0
2019-03-05,6.5,6.68,6.73,6.45,614081.0
2019-03-06,6.72,6.95,7.04,6.55,755924.0
2019-03-07,6.92,7.23,7.48,6.8,763235.0
2019-03-08,6.83,6.7,7.07,6.63,572868.0
2019-03-11,6.78,7.11,7.15,6.64,526843.0
2019-03-12,7.15,7.75,7.82,7.12,1068645.0
2019-03-13,7.4,7.2,7.6,7.0,607957.0
2019-03-14,7.11,6.7,7.18,6.56,439492.0
2019-03-15,6.76,6.8,6.98,6.63,329975.0
2019-03-18,6.83,7.3,7.38,6.78,570547.0
2019-03-19,7.3,7.54,7.8,7.18,517230.0
2019-03-20,7.69,7.74,8.1,7.57,533403.0
2019-03-21,7.87,8.03,8.27,7.6,525668.0
2019-03-22,7.95,8.19,8.46,7.75,439736.0
2019-03-25,7.96,8.47,8.69,7.91,456307.0
2019-03-26,8.45,8.3,8.75,8.19,421488.0
2019-03-27,8.43,8.2,8.55,7.56,390003.0
2019-03-28,8.18,8.55,8.68,8.05,484735.0
2019-03-29,8.55,8.44,8.62,8.01,496151.0
2019-04-01,9.28,9.28,9.28,9.28,96250.0
2019-04-02,10.21,10.21,10.21,10.21,146741.0
2019-04-03,10.0,10.75,11.23,9.68,1283153.0
2019-04-04,10.3,10.44,10.65,9.91,845053.0
2019-04-08,10.6,10.95,11.39,10.42,906876.0
2019-04-09,10.48,11.49,12.01,10.22,786785.0
2019-04-10,11.08,10.91,12.59,10.86,883806.0
2019-04-11,11.34,11.25,11.5,10.42,717065.0
2019-04-12,10.99,12.11,12.26,10.85,843722.0
2019-04-15,12.11,11.44,12.38,11.3,778944.0
2019-04-16,11.0,10.96,11.13,10.45,554029.0
2019-04-17,10.9,10.88,11.15,10.72,441577.0
2019-04-18,10.87,10.67,11.09,10.5,440229.0
2019-04-19,10.65,10.65,10.84,10.36,306368.0
2019-04-22,10.75,10.64,10.87,10.5,271732.0
2019-04-23,10.59,9.79,10.65,9.78,428993.0
2019-04-24,9.84,9.95,10.05,9.69,241479.0
2019-04-25,9.99,8.96,10.13,8.96,448878.0
2019-04-26,9.09,9.02,9.33,8.78,449660.0
2019-04-29,9.02,8.31,9.19,8.12,528083.0
2019-04-30,8.43,8.79,8.93,8.4,402080.0
2019-05-06,8.46,7.91,8.63,7.91,413896.0
2019-05-07,8.12,8.39,8.57,8.08,459802.0
2019-05-08,8.27,8.94,9.23,8.18,750558.0
2019-05-09,8.62,8.64,8.9,8.35,518019.0
2019-05-10,8.8,9.37,9.46,8.62,780532.0
2019-05-13,9.1,9.43,9.54,9.1,571901.0
2019-05-14,9.28,9.31,9.79,9.15,645434.0
2019-05-15,9.32,9.47,9.69,9.1,586627.0
2019-05-16,9.56,9.34,9.74,9.31,492559.0
2019-05-17,9.15,8.79,9.24,8.7,495208.0
2019-05-20,8.88,8.85,9.0,8.42,312314.0
2019-05-21,8.88,8.86,8.98,8.68,278451.0
2019-05-22,8.86,8.98,9.02,8.7,411324.0
2019-05-23,8.83,8.2,8.83,8.11,452557.0
2019-05-24,8.1,8.09,8.28,7.96,217617.0
2019-05-27,8.16,8.4,8.48,8.07,248632.0
2019-05-28,8.39,8.28,8.53,8.2,267686.0
2019-05-29,8.1,8.45,8.75,8.1,411393.0
2019-05-30,8.45,8.37,8.47,8.12,256244.0
2019-05-31,8.34,8.2,8.44,8.18,209980.0
2019-06-03,8.25,8.27,8.39,8.16,242627.0
2019-06-04,8.27,8.24,8.28,8.04,165399.0
2019-06-05,8.3,8.48,8.62,8.29,401924.0
2019-06-06,8.5,8.23,8.5,7.93,304719.0
2019-06-10,8.23,7.41,8.23,7.41,468735.0
2019-06-11,7.35,7.64,7.7,7.08,404635.0
2019-06-12,7.56,7.47,7.73,7.45,232577.0
2019-06-13,7.46,7.6,7.68,7.46,205793.0
2019-06-14,7.64,7.42,7.79,7.4,251670.0
2019-06-17,7.48,7.48,7.54,7.33,157263.0
2019-06-18,7.46,7.68,7.69,7.36,272842.0
2019-06-19,8.18,8.33,8.45,7.94,679856.0
2019-06-20,8.09,8.34,8.51,7.96,544771.0
2019-06-21,8.22,9.11,9.12,8.22,713292.0
2019-06-24,9.09,8.87,9.28,8.75,506943.0
2019-06-25,8.87,8.94,9.05,8.5,448099.0
2019-06-26,8.8,9.34,9.5,8.72,666381.0
2019-06-27,9.33,9.1,9.66,9.08,749265.0
2019-06-28,8.85,8.77,8.93,8.65,422493.0
2019-07-01,9.0,8.88,9.09,8.75,446118.0
2019-07-02,8.75,8.69,8.85,8.55,343486.0
2019-07-03,8.65,8.5,8.8,8.4,262466.0
2019-07-04,8.54,8.38,8.57,8.34,177439.0
2019-07-05,8.44,8.47,8.52,8.36,156123.0
2019-07-08,8.55,7.91,8.55,7.81,264186.0
2019-07-09,7.88,8.1,8.17,7.86,195380.0
2019-07-10,8.14,8.19,8.49,8.11,288384.0
2019-07-11,8.2,8.01,8.3,7.94,203005.0
2019-07-12,8.08,7.97,8.13,7.94,137569.0
2019-07-15,7.92,8.14,8.17,7.69,215499.0
2019-07-16,8.2,8.18,8.26,8.1,170296.0
2019-07-17,8.1,8.16,8.19,8.09,141819.0
2019-07-18,8.24,8.26,8.36,8.16,307242.0
2019-07-19,8.21,8.19,8.37,8.14,200723.0
2019-07-22,8.15,7.6,8.16,7.5,268662.0
2019-07-23,7.6,7.69,7.71,7.53,136669.0
2019-07-24,7.67,7.95,8.07,7.67,240221.0
2019-07-25,8.12,8.07,8.29,8.02,282810.0
2019-07-26,8.08,8.3,8.39,8.05,389151.0
2019-07-29,8.21,8.13,8.29,8.08,203524.0
2019-07-30,8.1,8.04,8.22,8.01,233094.0
2019-07-31,7.95,7.88,7.99,7.85,158283.0
2019-08-01,7.81,7.72,7.85,7.67,168485.0
2019-08-02,7.45,7.49,7.54,7.37,208300.0
2019-08-05,7.5,7.45,7.69,7.41,154299.0
2019-08-06,7.2,7.1,7.28,6.79,253061.0
2019-08-07,7.16,6.95,7.18,6.94,133451.0
2019-08-08,7.02,6.93,7.06,6.9,117990.0
2019-08-09,6.99,6.79,7.05,6.6,202221.0
2019-08-12,6.82,6.96,6.97,6.71,153697.0
2019-08-13,6.88,6.81,6.91,6.77,130206.0
2019-08-14,6.96,6.86,7.07,6.86,172925.0
2019-08-15,6.59,6.98,7.02,6.49,221739.0
2019-08-16,6.93,6.95,7.04,6.89,181733.0
2019-08-19,7.02,7.27,7.31,7.0,276723.0
2019-08-20,7.32,7.39,7.65,7.27,385490.0
2019-08-21,7.34,7.33,7.49,7.29,190173.0
2019-08-22,7.4,7.54,7.64,7.35,278842.0
2019-08-23,7.53,7.43,7.7,7.41,233493.0
2019-08-26,7.11,7.29,7.38,7.11,191295.0
2019-08-27,7.38,7.51,7.58,7.36,231388.0
2019-08-28,7.47,7.48,7.74,7.43,300973.0
2019-08-29,7.53,7.55,7.67,7.41,258699.0
2019-08-30,7.62,7.3,7.65,7.23,241564.0
2019-09-02,7.28,7.61,7.83,7.23,293774.0
2019-09-03,7.61,7.55,7.64,7.48,209331.0
2019-09-04,7.47,7.64,7.66,7.45,235403.0
2019-09-05,7.71,8.09,8.14,7.64,472641.0
2019-09-06,8.02,8.33,8.38,7.9,561370.0
2019-09-09,8.35,8.49,8.65,8.23,407080.0
2019-09-10,8.44,8.37,8.49,8.24,326184.0
2019-09-11,8.4,8.18,8.45,8.18,304678.0
2019-09-12,8.25,8.18,8.27,8.1,198959.0
2019-09-16,8.2,8.42,8.59,8.14,403804.0
2019-09-17,8.38,8.08,8.42,8.06,280947.0
2019-09-18,8.16,7.99,8.28,7.89,281734.0
2019-09-19,8.01,8.06,8.09,7.85,197400.0
2019-09-20,8.0,7.9,8.1,7.86,233508.0
2019-09-23,7.95,8.49,8.69,7.93,761522.0
2019-09-24,8.37,8.54,8.73,8.22,664241.0
2019-09-25,8.44,8.77,9.1,8.3,805569.0
2019-09-26,8.71,8.11,8.74,8.01,565384.0
2019-09-27,8.01,8.18,8.37,7.86,339532.0
2019-09-30,8.18,7.56,8.27,7.48,372713.0
2019-10-08,7.56,7.43,7.68,7.34,220704.0
2019-10-09,7.38,7.57,7.62,7.27,208530.0
2019-10-10,7.56,7.7,7.73,7.47,230669.0
2019-10-11,7.71,8.47,8.47,7.65,629589.0
2019-10-14,8.81,8.88,9.18,8.57,1040855.0
2019-10-15,8.75,8.76,9.09,8.71,704954.0
2019-10-16,8.91,8.89,9.1,8.73,708947.0
2019-10-17,8.89,8.79,9.07,8.6,525433.0
2019-10-18,8.89,8.59,8.95,8.49,404562.0
2019-10-21,8.74,8.8,9.0,8.58,493382.0
2019-10-22,8.8,9.31,9.62,8.55,873807.0
2019-10-23,9.18,9.16,9.33,8.98,570331.0
2019-10-24,9.02,8.71,9.06,8.6,494512.0
2019-10-25,8.65,8.71,8.93,8.62,331543.0
2019-10-28,9.58,9.58,9.58,9.58,55538.0
2019-10-29,10.54,10.54,10.54,10.54,90424.0
2019-10-30,10.2,10.76,11.49,9.8,1730137.0
2019-10-31,10.38,9.68,10.7,9.68,1249420.0
2019-11-01,9.47,10.21,10.44,9.4,1035485.0
2019-11-04,10.0,10.05,10.78,9.92,1135089.0
2019-11-05,10.07,10.84,10.88,9.97,1180937.0
2019-11-06,10.77,11.08,11.48,10.43,1238146.0
2019-11-07,10.9,11.8,12.19,10.85,1546828.0
2019-11-08,11.8,11.33,12.16,11.29,1296289.0
2019-11-11,10.96,11.6,11.75,10.7,940800.0
2019-11-12,11.3,12.36,12.42,11.12,1114158.0
2019-11-13,12.12,11.92,12.51,11.83,966019.0
2019-11-14,11.84,11.44,12.18,11.42,982796.0
2019-11-15,11.27,10.3,11.3,10.3,1127989.0
2019-11-18,10.1,10.21,10.43,9.96,646037.0
2019-11-19,10.06,10.44,10.66,9.93,813416.0
2019-11-20,10.39,10.33,10.72,10.19,700389.0
2019-11-21,10.27,10.55,10.66,10.18,531943.0
2019-11-22,10.43,10.5,10.75,10.33,552972.0
2019-11-25,9.8,9.45,9.8,9.45,191512.0
2019-11-26,8.51,8.66,9.14,8.51,914283.0
2019-11-27,8.6,8.71,8.75,8.4,632049.0
2019-11-28,8.62,8.49,8.68,8.46,491128.0
2019-11-29,8.43,8.38,8.56,8.23,434507.0
2019-12-02,8.39,8.26,8.46,8.17,409085.0
2019-12-03,8.22,8.28,8.34,8.06,446870.0
2019-12-04,8.22,8.32,8.43,8.15,433065.0
2019-12-05,8.36,8.64,8.65,8.31,737524.0
2019-12-06,8.58,9.05,9.15,8.48,848054.0
2019-12-09,8.95,9.03,9.26,8.81,746801.0
2019-12-10,8.97,9.05,9.17,8.88,501710.0
2019-12-11,9.14,9.21,9.48,9.07,735781.0
2019-12-12,9.13,9.25,9.45,9.01,546347.0
2019-12-13,9.49,9.45,9.57,9.25,599240.0
2019-12-16,9.55,9.45,9.63,9.28,714243.0
2019-12-17,9.41,9.4,9.52,9.26,782583.0
2019-12-18,9.36,9.19,9.36,9.15,592601.0
2019-12-19,9.18,9.26,9.44,9.17,557177.0
2019-12-20,9.25,8.89,9.28,8.85,578529.0
2019-12-23,8.96,8.52,9.02,8.49,403815.0
2019-12-24,8.53,8.67,8.75,8.48,341460.0
2019-12-25,8.65,8.84,8.97,8.63,448529.0
2019-12-26,8.83,8.98,8.99,8.75,462498.0
2019-12-27,8.94,8.65,9.0,8.62,494066.0
2019-12-30,8.52,8.56,8.62,8.07,405175.0
2019-12-31,8.55,8.61,8.76,8.51,299430.0
2020-01-02,8.72,8.9,8.98,8.64,498509.0
2020-01-03,8.91,9.2,9.22,8.87,733110.0
2020-01-06,9.03,9.14,9.37,9.02,654831.0
2020-01-07,9.16,9.5,9.53,9.16,869292.0
2020-01-08,9.36,9.1,9.43,9.1,628201.0
2020-01-09,9.27,9.39,9.45,9.23,582352.0
2020-01-10,9.64,10.33,10.33,9.64,1421616.0
2020-01-13,10.65,11.36,11.36,10.47,1446744.0
2020-01-14,12.04,12.5,12.5,11.91,772874.0
2020-01-15,12.5,12.15,13.37,11.72,1958826.0
2020-01-16,12.2,11.9,12.42,11.44,1418251.0
2020-01-17,11.9,11.46,11.9,11.33,1143005.0
2020-01-20,11.5,11.57,11.65,11.07,869310.0
2020-01-21,11.36,10.9,11.42,10.79,851858.0
2020-01-22,10.96,10.86,11.17,10.68,612678.0
2020-01-23,10.55,9.85,10.58,9.82,865503.0
2020-02-03,8.87,8.87,8.87,8.87,17567.0
2020-02-04,8.0,8.6,8.77,8.0,744825.0
2020-02-05,8.67,9.01,9.33,8.59,782233.0
2020-02-06,9.14,9.29,9.44,8.91,659415.0
2020-02-07,9.19,10.22,10.22,9.11,920620.0
2020-02-10,10.5,10.26,10.86,10.1,1139935.0
2020-02-11,10.12,10.53,10.6,9.91,830413.0
2020-02-12,10.23,10.68,10.83,10.2,914048.0
2020-02-13,10.92,10.55,11.24,10.46,866848.0
2020-02-14,10.35,10.42,10.73,10.22,681964.0
2020-02-17,10.42,10.75,10.79,10.32,659568.0
2020-02-18,10.81,11.04,11.18,10.53,970308.0
2020-02-19,10.86,10.5,10.92,10.48,667464.0
2020-02-20,10.45,10.64,10.66,10.12,613216.0
2020-02-21,10.59,11.26,11.66,10.48,1316527.0
2020-02-24,11.21,11.44,11.45,10.95,1052534.0
2020-02-25,10.95,11.12,11.15,10.4,831851.0
2020-02-26,10.88,10.59,11.01,10.46,521211.0
2020-02-27,10.6,10.84,10.99,10.35,532264.0
2020-02-28,10.3,9.76,10.56,9.76,555193.0
2020-03-02,9.83,10.1,10.18,9.76,380815.0
2020-03-03,10.34,10.23,10.58,10.06,450802.0
2020-03-04,10.17,10.47,10.55,10.13,381769.0
2020-03-05,10.66,10.62,10.69,10.38,473841.0
2020-03-06,10.38,10.26,10.48,10.21,353629.0
2020-03-09,10.01,9.61,10.1,9.4,499437.0
2020-03-10,9.26,9.88,9.9,9.21,388599.0
2020-03-11,9.9,9.54,9.98,9.53,306216.0
2020-03-12,9.35,9.16,9.39,9.1,306595.0
2020-03-13,8.59,8.88,9.09,8.45,355126.0
2020-03-16,8.98,8.49,9.16,8.43,307610.0
2020-03-17,8.61,8.63,8.74,8.1,243723.0
2020-03-18,8.74,8.49,8.89,8.49,245550.0
2020-03-19,8.45,8.83,8.83,8.4,281221.0
2020-03-20,8.91,8.85,8.98,8.7,202203.0
2020-03-23,8.58,8.39,8.68,8.32,201044.0
2020-03-24,8.58,8.66,8.73,8.41,222212.0
2020-03-25,8.91,8.83,8.94,8.76,238614.0
2020-03-26,8.73,8.74,8.89,8.67,181532.0
2020-03-27,8.85,8.6,8.86,8.57,162306.0
2020-03-30,8.37,8.2,8.37,8.11,190442.0
2020-03-31,8.3,8.1,8.32,8.08,144233.0
2020-04-01,8.06,8.1,8.22,8.05,129334.0
2020-04-02,8.05,8.31,8.32,8.02,162053.0
2020-04-03,8.26,8.13,8.32,8.1,131225.0
2020-04-07,8.33,8.82,8.94,8.33,464753.0
2020-04-08,8.71,8.8,8.92,8.7,292443.0
2020-04-09,8.85,8.83,8.94,8.76,238740.0
2020-04-10,8.9,8.43,8.9,8.42,228169.0
2020-04-13,8.35,8.22,8.39,8.2,128326.0
2020-04-14,8.31,8.52,8.58,8.25,161590.0
2020-04-15,8.43,8.5,8.83,8.39,231824.0
2020-04-16,8.41,8.87,8.96,8.38,464447.0
2020-04-17,8.95,8.62,9.07,8.57,398850.0
2020-04-20,8.59,9.03,9.15,8.55,470280.0
2020-04-21,8.93,9.07,9.35,8.85,459228.0
2020-04-22,8.96,9.39,9.4,8.91,509420.0
2020-04-23,9.29,9.63,10.09,9.05,766982.0
2020-04-24,9.6,9.28,9.75,9.21,456318.0
2020-04-27,9.3,8.93,9.58,8.92,367488.0
2020-04-28,8.79,8.37,8.86,8.1,408148.0
2020-04-29,8.3,8.22,8.45,8.16,216087.0
2020-04-30,8.28,8.45,8.55,8.25,216305.0
2020-05-06,8.37,8.74,8.74,8.31,251079.0
2020-05-07,8.7,8.57,8.7,8.55,200047.0
2020-05-08,8.75,8.88,8.92,8.65,309312.0
2020-05-11,8.79,8.75,8.89,8.69,194300.0
2020-05-12,8.73,8.72,8.87,8.5,161253.0
2020-05-13,8.66,8.7,8.73,8.56,116262.0
2020-05-14,8.62,8.51,8.75,8.5,206532.0
2020-05-15,8.58,8.69,8.88,8.44,274558.0
2020-05-18,8.6,8.43,8.63,8.38,190521.0
2020-05-19,8.52,8.46,8.53,8.4,108628.0
2020-05-20,8.46,8.34,8.46,8.31,132109.0
2020-05-21,8.2,7.52,8.21,7.51,593616.0
2020-05-22,7.46,7.53,7.62,7.37,170620.0
2020-05-25,7.4,7.1,7.46,6.93,288396.0
2020-05-26,7.1,7.24,7.27,7.09,148045.0
2020-05-27,7.35,7.3,7.53,7.3,178487.0
2020-05-28,7.31,7.24,7.37,7.1,121031.0
2020-05-29,7.2,7.3,7.42,7.15,121655.0
2020-06-01,7.36,7.56,7.62,7.31,193653.0
2020-06-02,7.6,7.59,7.64,7.5,159139.0
2020-06-03,7.61,7.64,7.75,7.53,189716.0
2020-06-04,7.65,7.64,7.73,7.51,158253.0
2020-06-05,7.64,7.99,7.99,7.58,324152.0
2020-06-08,7.98,7.99,8.1,7.89,217435.0
2020-06-09,7.98,8.02,8.12,7.92,168420.0
2020-06-10,7.99,7.95,8.04,7.87,123633.0
2020-06-11,7.98,7.99,8.08,7.94,139031.0
2020-06-12,7.78,8.07,8.14,7.77,162188.0
2020-06-15,8.06,8.0,8.13,7.98,117531.0
2020-06-16,8.02,8.19,8.29,8.01,204700.0
2020-06-17,8.17,8.13,8.23,8.04,147040.0
2020-06-18,8.1,8.01,8.1,8.0,126172.0
2020-06-19,8.05,8.01,8.06,7.95,111519.0
2020-06-22,8.03,8.12,8.23,8.01,142540.0
2020-06-23,8.15,8.14,8.21,8.04,142281.0
2020-06-24,8.1,8.06,8.13,8.02,106843.0
2020-06-29,8.05,7.86,8.05,7.75,189135.0
2020-06-30,7.87,8.15,8.27,7.87,232523.0
2020-07-01,8.17,8.15,8.33,8.08,185140.0
2020-07-02,8.16,8.19,8.23,8.1,180582.0
2020-07-03,8.2,8.37,8.42,8.16,232344.0
2020-07-06,8.4,8.68,8.73,8.35,278205.0
2020-07-07,8.75,8.95,9.18,8.55,475231.0
2020-07-08,8.87,9.03,9.14,8.75,423402.0
2020-07-09,8.96,9.22,9.25,8.88,443230.0
2020-07-10,9.15,8.91,9.18,8.85,347849.0
2020-07-13,8.85,9.1,9.13,8.85,372529.0
2020-07-14,9.11,9.25,9.36,9.01,515562.0
2020-07-15,9.1,8.78,9.15,8.61,390688.0
2020-07-16,8.81,8.96,9.49,8.7,633637.0
2020-07-17,9.07,8.48,9.08,8.18,368447.0
2020-07-20,8.52,9.33,9.33,8.5,566857.0
2020-07-21,9.42,9.53,9.64,9.2,745656.0
2020-07-22,9.54,9.59,9.84,9.28,751894.0
2020-07-23,9.51,9.34,9.55,9.08,450745.0
2020-07-24,9.26,9.28,9.76,9.26,610133.0
2020-07-27,9.41,9.18,9.73,9.03,370455.0
2020-07-28,9.32,9.29,9.59,9.1,310184.0
2020-07-29,9.21,9.6,9.64,9.05,442653.0
2020-07-30,9.58,9.49,9.72,9.39,353450.0
2020-07-31,9.46,9.94,9.95,9.43,605322.0
2020-08-03,9.93,9.98,10.08,9.72,516521.0
2020-08-04,10.0,10.38,10.74,9.99,771181.0
2020-08-05,10.23,10.91,11.2,10.18,637235.0
2020-08-06,10.82,10.7,11.38,10.6,622187.0
2020-08-07,10.81,10.12,10.85,9.9,508463.0
2020-08-10,10.01,9.97,10.44,9.9,288725.0
2020-08-11,10.05,9.82,10.18,9.78,295317.0
2020-08-12,9.75,9.48,9.87,9.32,281123.0
2020-08-13,9.55,9.43,9.63,9.38,169067.0
2020-08-14,9.44,9.83,9.93,9.35,278636.0
2020-08-17,9.8,10.09,10.22,9.78,271647.0
2020-08-18,10.16,10.11,10.36,10.0,248394.0
2020-08-19,10.05,10.11,10.44,9.89,273281.0
2020-08-20,10.01,10.18,10.33,9.91,240075.0
2020-08-21,10.21,10.44,10.5,10.06,370037.0
2020-08-24,10.39,10.27,10.59,10.18,269516.0
2020-08-25,10.3,9.99,10.5,9.98,271948.0
2020-08-26,9.94,9.51,10.07,9.45,246071.0
2020-08-27,9.49,10.46,10.46,9.45,598819.0
2020-08-28,10.37,10.41,10.71,10.23,431579.0
2020-08-31,10.59,10.44,10.66,10.36,375881.0
2020-09-01,10.45,10.33,10.64,10.21,268678.0
2020-09-02,10.39,10.22,10.49,10.13,241379.0
2020-09-03,10.25,10.53,10.76,10.15,441191.0
2020-09-04,10.35,11.0,11.16,10.3,446370.0
2020-09-07,10.93,11.09,11.55,10.84,456892.0
2020-09-08,11.15,11.14,11.35,10.86,307927.0
2020-09-09,10.99,10.67,11.09,10.6,291077.0
2020-09-10,10.83,10.15,10.83,10.12,249344.0
2020-09-11,10.22,10.43,10.51,10.13,179579.0
2020-09-14,10.6,10.62,11.38,10.5,499575.0
2020-09-15,10.88,9.56,11.01,9.56,548378.0
2020-09-16,9.09,8.65,9.2,8.6,651395.0
2020-09-17,8.64,8.29,8.64,8.04,514337.0
2020-09-18,8.19,8.11,8.25,7.92,440899.0
2020-09-21,8.09,8.03,8.17,7.96,314289.0
2020-09-22,8.04,7.75,8.04,7.7,325165.0
2020-09-23,7.77,7.87,7.95,7.75,231608.0
2020-09-24,7.79,7.57,7.8,7.52,232011.0
2020-09-25,7.57,7.41,7.63,7.28,228366.0
2020-09-28,7.42,7.27,7.48,7.25,169014.0
2020-09-29,7.3,7.3,7.39,7.23,118118.0
2020-09-30,7.3,7.25,7.35,7.19,124478.0
2020-10-09,7.35,7.51,7.53,7.3,152218.0
2020-10-12,7.55,7.69,7.75,7.54,205460.0
2020-10-13,7.68,7.56,7.68,7.47,219806.0
2020-10-14,6.8,6.8,6.97,6.8,177600.0
2020-10-15,6.12,6.12,6.12,6.12,52635.0
2020-10-16,5.7,5.88,6.1,5.7,662950.0
2020-10-19,5.84,6.2,6.3,5.84,504296.0
2020-10-20,6.15,6.05,6.2,5.96,278459.0
2020-10-21,6.08,5.93,6.09,5.92,185146.0
2020-10-22,5.95,5.99,6.06,5.82,145736.0
2020-10-23,5.99,5.88,6.05,5.86,135333.0
2020-10-26,5.86,5.88,5.93,5.81,104537.0
2020-10-27,5.88,5.74,5.88,5.7,151144.0
2020-10-28,5.7,5.66,5.71,5.5,193356.0
2020-10-29,5.54,5.61,5.67,5.47,138999.0
2020-10-30,5.65,5.35,5.73,5.35,200719.0
2020-11-02,5.37,5.52,5.81,5.3,229040.0
2020-11-03,5.53,5.61,5.68,5.43,157488.0
2020-11-04,5.62,5.6,5.65,5.41,153450.0
2020-11-05,5.66,5.77,5.78,5.62,197142.0
2020-11-06,5.77,5.62,5.77,5.58,158173.0
2020-11-09,5.62,5.79,5.91,5.62,227536.0
2020-11-10,5.82,5.68,5.85,5.63,179208.0
2020-11-11,5.7,5.59,5.7,5.57,115031.0
2020-11-12,5.58,5.6,5.66,5.54,101186.0
2020-11-13,5.53,5.41,5.56,5.38,187291.0
2020-11-16,5.4,5.52,5.55,5.36,150827.0
2020-11-17,5.53,5.45,5.6,5.38,170599.0
2020-11-18,5.46,5.54,5.72,5.45,178984.0
2020-11-19,5.52,5.51,5.62,5.48,116404.0
2020-11-20,5.54,5.46,5.54,5.41,112552.0
2020-11-23,5.46,5.39,5.46,5.35,138530.0
2020-11-24,5.4,5.37,5.45,5.35,102482.0
2020-11-25,5.36,5.28,5.4,5.27,143138.0
2020-11-26,5.25,5.09,5.3,5.04,221910.0
2020-11-27,5.09,5.27,5.31,4.81,392519.0
2020-11-30,5.2,5.8,5.8,5.14,706885.0
2020-12-01,5.99,6.01,6.38,5.95,931197.0
2020-12-02,5.9,6.22,6.43,5.89,1036979.0
2020-12-03,6.04,6.08,6.29,5.89,667049.0
2020-12-04,6.0,5.96,6.05,5.9,340707.0
2020-12-07,5.99,5.95,6.02,5.9,252010.0
2020-12-08,5.95,5.79,5.95,5.73,282128.0
2020-12-09,5.79,5.43,5.88,5.42,348369.0
2020-12-10,5.43,5.44,5.53,5.3,195568.0
2020-12-11,5.47,5.3,5.48,5.17,285248.0
2020-12-14,5.32,5.1,5.32,5.07,254526.0
2020-12-15,5.1,5.07,5.19,4.99,207995.0
2020-12-16,5.07,4.88,5.08,4.88,222511.0
2020-12-17,4.87,5.06,5.09,4.85,221302.0
2020-12-18,5.03,4.92,5.09,4.91,185554.0
2020-12-21,4.92,4.94,5.0,4.84,140152.0
2020-12-22,4.96,4.7,4.98,4.7,270660.0
2020-12-23,4.68,4.62,4.75,4.59,209622.0
2020-12-24,4.65,4.45,4.69,4.39,235517.0
2020-12-25,4.43,4.55,4.84,4.39,262649.0
2020-12-28,4.5,4.48,4.55,4.39,152000.0
2020-12-29,4.45,4.56,4.73,4.43,216467.0
2020-12-30,4.5,4.5,4.56,4.46,127403.0
2020-12-31,4.53,4.54,4.57,4.48,120059.0
2021-01-04,4.54,4.59,4.68,4.51,162110.0
2021-01-05,4.54,4.45,4.59,4.43,186077.0
2021-01-06,4.45,4.29,4.47,4.28,171200.0
2021-01-07,4.32,4.15,4.41,4.12,192286.0
2021-01-08,4.15,4.22,4.46,3.96,251895.0
2021-01-11,4.19,4.0,4.19,3.98,207839.0
2021-01-12,3.99,3.89,4.06,3.87,185194.0
2021-01-13,3.8,3.73,3.92,3.62,288355.0
2021-01-14,3.66,3.59,3.75,3.55,292687.0
2021-01-15,3.6,3.68,3.88,3.6,300094.0
2021-01-18,3.69,4.05,4.05,3.69,167290.0
2021-01-19,4.18,3.99,4.2,3.87,419965.0
2021-01-20,3.99,4.05,4.13,3.91,271828.0
2021-01-21,4.01,3.97,4.05,3.94,188857.0
2021-01-22,3.97,3.87,3.97,3.85,161760.0
2021-01-25,3.89,3.73,3.92,3.68,178739.0
2021-01-26,3.75,3.76,3.91,3.71,147919.0
2021-01-27,3.69,3.66,3.8,3.64,166974.0
2021-01-28,3.65,3.7,3.84,3.61,175366.0
2021-01-29,3.69,3.55,3.71,3.51,193404.0
2021-02-01,3.66,3.6,3.71,3.52,171986.0
2021-02-02,3.56,3.52,3.65,3.46,122640.0
2021-02-03,3.5,3.39,3.54,3.39,133921.0
2021-02-04,3.39,3.26,3.39,3.23,136571.0
2021-02-05,3.26,3.16,3.39,3.14,182277.0
2021-02-08,3.16,3.16,3.21,3.11,140176.0
2021-02-09,3.16,3.23,3.25,3.13,136683.0
2021-02-10,3.23,3.2,3.31,3.19,112130.0
2021-02-18,3.27,3.52,3.52,3.25,211648.0
2021-02-19,3.52,3.61,3.66,3.44,334117.0
2021-02-22,3.63,3.72,3.87,3.63,355934.0
2021-02-23,3.73,3.7,3.81,3.66,199570.0
2021-02-24,3.74,3.81,3.83,3.7,192539.0
2021-02-25,3.8,3.7,3.81,3.66,170173.0
2021-02-26,3.67,3.68,3.75,3.62,129088.0
2021-03-01,3.68,3.8,3.83,3.68,166036.0
2021-03-02,3.82,3.76,3.85,3.7,119323.0
2021-03-03,3.76,3.78,3.8,3.7,126044.0
2021-03-04,3.79,3.91,3.98,3.76,323207.0
2021-03-05,3.92,4.03,4.09,3.85,360476.0
2021-03-08,4.04,3.97,4.14,3.97,268348.0
2021-03-09,3.98,3.84,3.99,3.75,202916.0
2021-03-10,3.88,3.59,3.9,3.59,205835.0
2021-03-11,3.65,3.95,3.95,3.61,159056.0
2021-03-12,4.18,3.82,4.18,3.78,561967.0
2021-03-15,3.78,3.77,3.87,3.69,288949.0
2021-03-16,3.97,4.15,4.15,3.92,343322.0
2021-03-17,4.21,4.57,4.57,4.16,806248.0
2021-03-18,4.7,4.45,5.0,4.36,1037484.0
2021-03-19,4.45,4.51,4.74,4.33,692401.0
2021-03-22,4.35,4.38,4.51,4.2,597874.0
2021-03-23,4.38,4.61,4.78,4.23,710260.0
2021-03-24,4.4,5.07,5.07,4.4,883933.0
2021-03-25,5.2,5.58,5.58,4.91,1081630.0
2021-03-26,5.44,5.37,6.08,5.36,1518337.0
2021-03-29,5.16,5.44,5.6,5.04,1078283.0
2021-03-30,5.19,4.9,5.23,4.9,721696.0
2021-03-31,4.68,4.91,4.93,4.6,585871.0
2021-04-01,4.85,4.7,4.86,4.66,448023.0
2021-04-02,4.84,4.64,4.91,4.62,427444.0
2021-04-06,4.65,4.69,4.75,4.57,379094.0
2021-04-07,4.6,4.79,4.83,4.48,504343.0
2021-04-08,4.77,4.43,4.77,4.35,517310.0
2021-04-09,4.41,4.39,4.49,4.33,213831.0
2021-04-12,4.42,4.38,4.5,4.34,259895.0
2021-04-13,4.37,4.21,4.39,4.18,277413.0
2021-04-14,4.21,4.27,4.32,4.16,202549.0
2021-04-15,4.32,4.7,4.7,4.28,351632.0
2021-04-16,4.8,5.01,5.17,4.75,1077115.0
2021-04-19,4.8,4.85,4.95,4.65,755532.0
2021-04-20,4.84,4.99,5.11,4.8,728764.0
2021-04-21,4.9,5.27,5.48,4.84,865235.0
2021-04-22,5.16,5.09,5.23,5.03,537554.0
2021-04-23,5.08,5.07,5.34,4.9,523450.0
2021-04-26,5.15,4.78,5.21,4.75,511714.0
2021-04-27,4.65,4.65,4.76,4.55,341276.0
2021-04-28,4.7,4.49,4.72,4.45,339997.0
2021-04-29,4.51,4.48,4.61,4.44,289745.0
2021-04-30,4.52,4.39,4.52,4.35,234487.0
2021-05-06,4.4,4.6,4.71,4.35,329494.0
2021-05-07,4.56,4.9,4.95,4.5,526961.0
2021-05-10,4.9,4.93,5.05,4.77,472140.0
2021-05-11,4.84,4.67,4.93,4.65,378211.0
2021-05-12,4.65,5.14,5.14,4.6,526001.0
2021-05-13,5.29,5.39,5.65,5.21,1244813.0
2021-05-14,5.39,5.58,5.8,5.28,1037840.0
2021-05-17,5.4,5.02,5.4,5.02,266451.0
2021-05-18,4.55,4.81,4.88,4.55,761177.0
2021-05-19,4.8,5.0,5.24,4.8,659226.0
2021-05-20,4.88,5.5,5.5,4.86,681843.0
2021-05-21,5.71,5.57,5.84,5.49,1172160.0
2021-05-24,5.6,5.9,6.13,5.4,1409769.0
2021-05-25,5.71,5.72,5.84,5.62,902369.0
2021-05-26,5.73,5.78,5.96,5.64,811117.0
2021-05-27,5.71,5.91,6.12,5.54,953949.0
2021-05-28,5.83,6.02,6.28,5.8,951535.0
2021-05-31,6.01,5.88,6.19,5.81,742959.0
2021-06-01,6.06,5.8,6.18,5.74,690466.0
2021-06-02,5.73,5.52,5.77,5.42,674682.0
2021-06-03,5.52,5.49,5.63,5.44,420166.0
2021-06-04,5.52,5.71,5.78,5.46,546464.0
2021-06-07,5.65,5.55,5.71,5.53,364406.0
2021-06-08,5.58,5.91,6.11,5.58,1023054.0
2021-06-09,5.89,6.01,6.24,5.8,979194.0
2021-06-10,5.91,5.83,6.04,5.76,674591.0
2021-06-11,5.8,5.6,5.99,5.56,584313.0
2021-06-15,5.49,5.5,5.62,5.41,340972.0
2021-06-16,5.42,5.25,5.45,5.02,355483.0
2021-06-17,5.28,5.46,5.55,5.21,333032.0
2021-06-18,5.45,5.44,5.59,5.33,293171.0
2021-06-21,5.41,5.37,5.5,5.3,265048.0
2021-06-22,5.37,5.3,5.52,5.28,276079.0
2021-06-23,5.25,5.25,5.35,5.13,301472.0
2021-06-24,5.22,5.09,5.24,5.07,252270.0
2021-06-25,5.03,5.0,5.12,4.86,322587.0
2021-06-28,4.99,5.07,5.11,4.98,201107.0
2021-06-29,5.05,4.87,5.09,4.86,190499.0
2021-06-30,4.92,4.88,4.98,4.87,130506.0
2021-07-01,4.89,4.69,4.93,4.68,213489.0
2021-07-02,4.71,4.73,4.87,4.69,155679.0
2021-07-05,4.73,4.91,4.93,4.65,219591.0
2021-07-06,4.91,4.9,4.95,4.84,141489.0
2021-07-07,4.91,4.81,4.92,4.79,142505.0
2021-07-08,4.8,4.71,4.81,4.7,145748.0
2021-07-09,4.72,4.85,4.85,4.66,170959.0
2021-07-12,4.87,4.91,4.97,4.86,183276.0
2021-07-13,4.92,4.91,4.95,4.84,153226.0
2021-07-14,4.9,4.82,4.91,4.81,117632.0
2021-07-15,4.86,5.06,5.12,4.83,328426.0
2021-07-16,5.01,5.01,5.12,4.97,208732.0
2021-07-19,5.01,4.9,5.01,4.86,151956.0
2021-07-20,4.82,4.85,4.89,4.75,136587.0
2021-07-21,4.85,4.81,4.91,4.81,135505.0
2021-07-22,4.79,4.8,4.85,4.75,116926.0
2021-07-23,4.79,4.71,4.83,4.7,144542.0
2021-07-26,4.74,4.79,4.85,4.7,164536.0
2021-07-27,4.78,4.51,4.79,4.46,203381.0
2021-07-28,4.4,4.25,4.47,4.15,186800.0
2021-07-29,4.27,4.36,4.42,4.26,118127.0
2021-07-30,4.36,4.36,4.4,4.3,92120.0
2021-08-02,4.37,4.5,4.5,4.3,127869.0
2021-08-03,4.49,4.6,4.72,4.45,176658.0
2021-08-04,4.74,4.63,4.86,4.61,192595.0
2021-08-05,4.55,4.49,4.6,4.48,142814.0
2021-08-06,4.53,4.51,4.63,4.39,138963.0
2021-08-09,4.49,4.51,4.56,4.46,107950.0
2021-08-10,4.5,4.57,4.6,4.48,119098.0
2021-08-11,4.57,4.57,4.63,4.49,122627.0
2021-08-12,4.56,4.59,4.65,4.54,128299.0
2021-08-13,4.56,4.48,4.59,4.47,130118.0
2021-08-16,4.52,4.47,4.52,4.45,96488.0
2021-08-17,4.45,4.34,4.48,4.33,137682.0
2021-08-18,4.37,4.4,4.41,4.33,111702.0
2021-08-19,4.38,4.4,4.48,4.38,99129.0
2021-08-20,4.37,4.32,4.4,4.27,107470.0
2021-08-23,4.32,4.47,4.48,4.32,126065.0
2021-08-24,4.46,4.45,4.52,4.42,95152.0
2021-08-25,4.5,4.58,4.69,4.42,217209.0
2021-08-26,4.52,4.47,4.57,4.46,153089.0
2021-08-27,4.47,4.4,4.5,4.32,101127.0
2021-08-30,4.44,4.41,4.54,4.39,123400.0
2021-08-31,4.38,4.38,4.44,4.35,113129.0
2021-09-01,4.38,4.64,4.7,4.35,326091.0
2021-09-02,4.6,4.55,4.62,4.52,239911.0
2021-09-03,4.58,4.6,4.65,4.54,199230.0
2021-09-06,4.64,4.69,4.75,4.52,278898.0
2021-09-07,4.63,4.88,4.93,4.62,467804.0
2021-09-08,4.86,5.08,5.09,4.81,572939.0
2021-09-09,4.9,4.83,4.93,4.81,417671.0
2021-09-10,4.8,4.92,5.1,4.75,435565.0
2021-09-13,4.8,4.85,4.91,4.76,271404.0
2021-09-14,4.88,4.69,4.89,4.66,249389.0
2021-09-15,4.69,4.72,4.75,4.68,120951.0
2021-09-16,4.69,4.62,4.77,4.61,157006.0
2021-09-17,4.62,4.57,4.66,4.52,113609.0
2021-09-22,4.53,5.03,5.03,4.5,390126.0
2021-09-23,5.03,5.12,5.3,4.94,850335.0
2021-09-24,5.0,5.04,5.1,4.92,429541.0
2021-09-27,5.0,4.88,5.09,4.78,314967.0
2021-09-28,4.95,4.79,4.95,4.73,211688.0
2021-09-29,4.72,4.59,4.78,4.58,206352.0
2021-09-30,4.6,4.64,4.67,4.57,163078.0
2021-10-08,4.71,4.93,4.97,4.68,360331.0
2021-10-11,4.88,4.9,4.99,4.86,190941.0
2021-10-12,4.9,4.94,4.98,4.8,208070.0
2021-10-13,4.97,4.79,4.97,4.73,194352.0
2021-10-14,4.81,4.86,4.9,4.67,181536.0
2021-10-15,4.88,4.66,4.98,4.65,255122.0
2021-10-18,4.66,4.74,4.74,4.6,116552.0
2021-10-19,4.77,4.73,4.77,4.66,122318.0
2021-10-20,4.72,4.7,4.76,4.67,105743.0
2021-10-21,4.69,4.57,4.72,4.54,151136.0
2021-10-22,4.57,4.55,4.67,4.55,114459.0
2021-10-25,4.55,4.45,4.55,4.36,129195.0
2021-10-26,4.45,4.39,4.48,4.38,103580.0
2021-10-27,4.38,4.26,4.44,4.25,131112.0
2021-10-28,4.29,4.36,4.42,4.2,149795.0
2021-10-29,4.4,4.4,4.46,4.28,142129.0
2021-11-01,4.36,4.44,4.47,4.34,120217.0
2021-11-02,4.41,4.26,4.46,4.23,142930.0
2021-11-03,4.27,4.32,4.35,4.26,70847.0
2021-11-04,4.33,4.4,4.4,4.3,104360.0
2021-11-05,4.44,4.5,4.6,4.38,221700.0
2021-11-08,4.47,4.53,4.58,4.44,126301.0
2021-11-09,4.53,4.51,4.57,4.48,101939.0
2021-11-10,4.51,4.62,4.73,4.5,209870.0
2021-11-11,4.61,4.72,4.77,4.56,270451.0
2021-11-12,4.72,4.73,4.76,4.66,204508.0
2021-11-15,4.78,4.8,4.82,4.7,189603.0
2021-11-16,4.81,4.74,4.87,4.73,200558.0
2021-11-17,4.77,4.81,4.91,4.75,205670.0
2021-11-18,4.79,4.7,4.81,4.68,161341.0
2021-11-19,4.75,4.7,4.75,4.63,108480.0
2021-11-22,4.75,4.66,4.75,4.62,100313.0
2021-11-23,4.66,4.82,4.91,4.59,255796.0
2021-11-24,4.79,4.79,4.83,4.71,186784.0
2021-11-25,4.81,4.68,4.83,4.67,138490.0
2021-11-26,4.68,4.62,4.77,4.54,217044.0
2021-11-29,4.55,4.52,4.62,4.49,165297.0
2021-11-30,4.53,4.61,4.73,4.53,174429.0
2021-12-01,4.64,4.73,4.76,4.6,205333.0
2021-12-02,4.75,4.63,4.78,4.63,132095.0
2021-12-03,4.67,4.6,4.7,4.58,130848.0
2021-12-06,4.58,4.41,4.6,4.37,232569.0
2021-12-07,4.45,4.39,4.47,4.35,141522.0
2021-12-08,4.39,4.41,4.43,4.35,114348.0
2021-12-09,4.42,4.46,4.48,4.38,126618.0
2021-12-10,4.46,4.46,4.5,4.43,106145.0
2021-12-13,4.47,4.54,4.54,4.46,142310.0
2021-12-14,4.54,4.99,4.99,4.49,476170.0
2021-12-15,5.12,4.92,5.26,4.88,995196.0
2021-12-16,4.91,4.94,4.99,4.85,426665.0
2021-12-17,4.98,5.03,5.18,4.94,563550.0
2021-12-20,5.0,4.98,5.14,4.97,389747.0
2021-12-21,4.96,5.07,5.09,4.94,294332.0
2021-12-22,5.1,5.16,5.43,5.06,553382.0
2021-12-23,5.22,5.06,5.23,5.04,390159.0
2021-12-24,5.09,5.57,5.57,5.09,716470.0
2021-12-27,5.4,5.1,5.5,5.06,894095.0
2021-12-28,5.09,5.01,5.19,5.0,499105.0
2021-12-29,4.99,5.07,5.15,4.93,398213.0
2021-12-30,5.05,5.24,5.36,5.02,515931.0
2021-12-31,5.24,5.23,5.32,5.1,507988.0
2022-01-04,5.33,5.61,5.75,5.22,1065673.0
2022-01-05,5.56,5.63,5.95,5.43,964496.0
2022-01-06,5.58,5.54,5.67,5.39,624858.0
2022-01-07,5.54,5.61,6.09,5.5,1008749.0
2022-01-10,5.62,5.7,5.75,5.47,634483.0
2022-01-11,5.59,5.41,5.64,5.39,590555.0
2022-01-12,5.45,5.69,5.89,5.34,736330.0
2022-01-13,5.66,5.73,5.9,5.58,750620.0
2022-01-14,5.67,5.54,5.79,5.49,525540.0
2022-01-17,5.5,5.75,5.86,5.41,651708.0
2022-01-18,6.0,5.44,6.07,5.42,807607.0
2022-01-19,5.98,5.98,5.98,5.98,282625.0
2022-01-20,6.58,6.58,6.58,6.58,74878.0
2022-01-21,7.24,7.24,7.24,7.15,1162230.0
2022-01-24,7.4,7.96,7.96,7.39,2286508.0
2022-01-25,7.98,8.76,8.76,7.98,2048310.0
2022-01-26,9.19,7.88,9.64,7.88,2671455.0
2022-01-27,7.09,7.09,7.09,7.09,71061.0
2022-01-28,6.38,6.38,6.99,6.38,1948555.0
2022-02-07,6.2,6.04,6.27,5.9,1398364.0
2022-02-08,5.93,6.21,6.34,5.71,1452403.0
2022-02-09,6.19,6.68,6.83,6.13,2056124.0
2022-02-10,6.52,6.84,6.97,6.22,1946551.0
2022-02-11,6.65,6.57,7.1,6.52,1617009.0
2022-02-14,6.39,6.7,6.9,6.28,1247122.0
2022-02-15,6.61,6.42,6.69,6.36,970464.0
2022-02-16,6.57,6.71,6.96,6.42,1249778.0
2022-02-17,6.71,6.58,7.06,6.53,1297133.0
2022-02-18,6.35,6.38,6.52,6.28,914163.0
2022-02-21,6.38,6.69,6.75,6.37,982423.0
2022-02-22,6.6,6.28,6.72,6.28,948583.0
2022-02-23,6.33,6.17,6.38,6.14,749984.0
2022-02-24,6.07,5.71,6.17,5.56,1020156.0
2022-02-25,5.73,5.71,5.84,5.68,469874.0
2022-02-28,5.74,5.76,5.83,5.58,407147.0
2022-03-01,5.68,5.79,5.83,5.65,433599.0
2022-03-02,5.78,5.85,5.94,5.71,434020.0
2022-03-03,5.92,5.76,5.94,5.73,403885.0
2022-03-04,5.72,5.87,5.99,5.66,738765.0
2022-03-07,5.81,5.68,5.86,5.64,472073.0
2022-03-08,5.64,5.5,5.72,5.48,448057.0
2022-03-09,5.49,5.46,5.55,5.13,459989.0
2022-03-10,5.55,5.56,5.75,5.51,493425.0
2022-03-11,5.51,5.65,5.67,5.4,363468.0
2022-03-14,5.6,5.47,5.7,5.47,357753.0
2022-03-15,5.42,5.22,5.53,5.22,376467.0
2022-03-16,5.29,5.38,5.43,5.14,405765.0
2022-03-17,5.4,5.5,5.62,5.36,385064.0
2022-03-18,5.5,6.05,6.05,5.46,375526.0
2022-03-21,5.99,6.22,6.52,5.89,1397080.0
2022-03-22,6.06,6.08,6.17,5.96,818111.0
2022-03-23,6.09,6.2,6.24,6.07,744462.0
2022-03-24,6.21,5.97,6.21,5.94,593470.0
2022-03-25,5.97,5.98,6.15,5.97,416521.0
2022-03-28,5.96,6.17,6.21,5.84,691761.0
2022-03-29,6.25,6.06,6.34,5.99,563415.0
2022-03-30,6.06,6.13,6.16,5.89,432641.0
2022-03-31,6.08,5.93,6.08,5.92,450054.0
2022-04-01,5.89,6.19,6.52,5.83,1129747.0
2022-04-06,6.16,6.62,6.81,6.11,1437133.0
2022-04-07,6.37,6.31,6.44,6.24,919960.0
2022-04-08,6.3,6.35,6.48,6.17,706705.0
2022-04-11,6.4,6.53,6.69,6.29,897787.0
2022-04-12,6.45,6.56,6.56,6.19,719932.0
2022-04-13,6.41,6.22,6.51,6.21,496458.0
2022-04-14,6.15,5.81,6.29,5.6,762616.0
2022-04-15,5.63,5.27,5.67,5.26,657387.0
2022-04-18,5.07,4.95,5.13,4.81,515993.0
2022-04-19,4.98,5.02,5.08,4.89,383826.0
2022-04-20,5.02,4.91,5.08,4.86,333856.0
2022-04-21,4.88,4.63,4.95,4.58,464876.0
2022-04-22,4.63,4.55,4.7,4.53,295403.0
2022-04-25,4.43,4.11,4.47,4.1,372186.0
2022-04-26,4.18,4.07,4.25,4.04,374329.0
2022-04-27,3.96,4.17,4.19,3.89,344976.0
2022-04-28,4.15,4.0,4.17,3.92,281657.0
2022-04-29,4.06,4.25,4.27,4.02,404376.0
2022-05-05,4.25,4.29,4.36,4.2,287532.0
2022-05-06,4.16,4.25,4.34,4.12,224469.0
2022-05-09,4.3,4.45,4.52,4.3,374928.0
2022-05-10,4.34,4.5,4.55,4.34,352632.0
2022-05-11,4.46,4.45,4.65,4.45,416896.0
2022-05-12,4.43,4.51,4.55,4.41,272660.0
2022-05-13,4.51,4.48,4.53,4.42,172650.0
2022-05-16,4.53,4.56,4.64,4.49,295606.0
2022-05-17,4.5,4.49,4.57,4.39,275491.0
2022-05-18,4.55,4.57,4.65,4.52,275651.0
2022-05-19,4.46,4.59,4.64,4.43,227717.0
2022-05-20,4.62,4.61,4.64,4.54,242685.0
2022-05-23,4.78,4.69,4.85,4.66,326300.0
2022-05-24,4.7,4.42,4.76,4.41,293673.0
2022-05-25,4.41,4.59,4.61,4.39,253947.0
2022-05-26,4.62,4.65,4.68,4.49,239813.0
2022-05-27,4.7,4.64,4.75,4.6,262696.0
2022-05-30,4.66,4.59,4.68,4.54,186938.0
2022-05-31,4.62,4.64,4.65,4.55,181391.0
2022-06-01,4.67,5.1,5.1,4.67,251545.0
2022-06-02,4.95,4.83,4.95,4.77,751409.0
2022-06-06,4.83,4.9,4.96,4.75,559571.0
2022-06-07,4.85,4.8,4.88,4.76,320490.0
2022-06-08,4.8,4.78,4.83,4.68,261021.0
2022-06-09,4.77,4.81,4.86,4.7,301630.0
2022-06-10,4.77,4.82,4.85,4.74,249012.0
2022-06-13,4.75,4.81,4.82,4.73,187407.0
2022-06-14,4.77,4.74,4.8,4.57,283139.0
2022-06-15,4.79,4.76,4.83,4.75,266183.0
2022-06-16,4.77,4.91,4.95,4.74,454637.0
2022-06-17,4.91,4.78,4.92,4.73,300848.0
2022-06-20,4.78,4.83,4.85,4.75,210526.0
2022-06-21,4.83,4.89,4.9,4.77,297113.0
2022-06-22,4.88,4.75,4.9,4.74,244956.0
2022-06-23,5.23,4.94,5.23,4.91,885461.0
2022-06-24,4.9,5.06,5.26,4.9,742660.0
2022-06-27,4.98,4.91,5.03,4.9,491766.0
2022-06-28,4.93,4.96,5.05,4.91,330554.0
2022-06-29,4.88,4.78,4.93,4.77,372379.0
2022-06-30,4.74,4.65,4.77,4.63,392150.0
2022-07-01,4.63,4.67,4.68,4.56,205653.0
2022-07-04,4.67,4.61,4.68,4.59,176547.0
2022-07-05,4.62,4.57,4.65,4.51,170735.0
2022-07-06,4.57,4.55,4.59,4.52,109384.0
2022-07-07,4.57,4.61,4.62,4.52,134668.0
2022-07-08,4.59,4.65,4.68,4.58,163731.0
2022-07-11,4.66,4.61,4.66,4.55,125530.0
2022-07-12,4.61,4.52,4.61,4.52,97601.0
2022-07-13,4.53,4.65,4.68,4.51,183834.0
2022-07-14,4.65,4.59,4.65,4.59,97846.0
2022-07-15,4.56,4.36,4.57,4.36,226610.0
2022-07-18,4.42,4.51,4.55,4.37,154140.0
2022-07-19,4.49,4.63,4.64,4.49,191242.0
2022-07-20,4.62,4.69,4.69,4.6,191756.0
2022-07-21,4.69,4.71,4.8,4.66,202164.0
2022-07-22,4.7,4.71,4.73,4.65,128733.0
2022-07-25,4.71,4.68,4.77,4.65,124358.0
2022-07-26,4.67,4.88,5.05,4.65,416689.0
2022-07-27,4.85,4.81,4.87,4.77,245308.0
2022-07-28,4.8,4.79,4.86,4.78,187997.0
2022-07-29,4.81,4.81,4.95,4.78,234533.0
2022-08-01,4.78,4.83,4.88,4.76,175956.0
2022-08-02,4.75,4.54,4.78,4.46,273491.0
2022-08-03,4.56,4.55,4.74,4.52,224769.0
2022-08-04,4.59,4.66,4.67,4.55,146762.0
2022-08-05,4.69,4.7,4.71,4.62,134008.0
2022-08-08,4.71,4.8,4.81,4.66,183122.0
2022-08-09,4.83,4.75,4.83,4.7,127237.0
2022-08-10,4.75,4.74,4.78,4.68,114958.0
2022-08-11,4.76,4.84,4.9,4.73,196074.0
2022-08-12,4.83,4.9,4.98,4.8,270614.0
2022-08-15,4.85,4.87,4.9,4.81,136722.0
2022-08-16,4.86,4.89,4.91,4.83,152434.0
2022-08-17,4.9,4.93,4.95,4.84,216725.0
2022-08-18,4.92,4.86,4.93,4.84,138350.0
2022-08-19,4.89,4.87,5.0,4.86,290722.0
2022-08-22,4.86,4.96,5.04,4.81,270971.0
2022-08-23,4.93,4.98,5.01,4.9,216175.0
2022-08-24,5.01,4.86,5.05,4.84,229658.0
2022-08-25,4.9,4.82,4.9,4.68,185168.0
2022-08-26,4.85,4.82,4.94,4.79,165245.0
2022-08-29,4.77,4.85,4.89,4.69,141953.0
2022-08-30,4.89,4.92,5.0,4.85,208351.0
2022-08-31,4.93,4.81,4.98,4.77,206958.0
2022-09-01,4.8,4.71,4.87,4.69,171549.0
2022-09-02,4.72,4.86,4.87,4.69,187608.0
2022-09-05,4.86,4.79,4.91,4.74,161856.0
2022-09-06,4.77,4.85,4.85,4.75,114211.0
2022-09-07,4.85,4.76,4.86,4.72,182136.0
2022-09-08,4.77,4.64,4.78,4.63,142560.0
2022-09-09,4.63,4.66,4.67,4.57,98232.0
2022-09-13,4.67,4.76,4.82,4.67,179426.0
2022-09-14,4.7,4.75,4.82,4.68,153451.0
2022-09-15,4.75,4.64,4.8,4.59,152196.0
2022-09-16,4.65,4.48,4.66,4.48,124242.0
2022-09-19,4.49,4.42,4.52,4.33,105396.0
2022-09-20,4.44,4.47,4.52,4.42,77072.0
2022-09-21,4.46,4.53,4.55,4.36,101875.0
2022-09-22,4.55,4.42,4.57,4.42,100071.0
2022-09-23,4.42,4.29,4.47,4.27,114670.0
2022-09-26,4.27,4.14,4.27,4.13,112138.0
2022-09-27,4.11,4.29,4.29,4.1,88772.0
2022-09-28,4.25,4.15,4.28,4.15,78875.0
2022-09-29,4.2,4.05,4.2,4.02,94052.0
2022-09-30,4.06,4.05,4.1,4.02,61378.0
2022-10-10,4.06,3.99,4.08,3.95,66361.0
2022-10-11,4.0,4.02,4.04,3.91,63011.0
2022-10-12,4.03,4.16,4.16,3.98,89837.0
2022-10-13,4.12,4.22,4.27,4.12,118886.0
2022-10-14,4.24,4.3,4.34,4.24,118501.0
2022-10-17,4.3,4.37,4.4,4.24,98714.0
2022-10-18,4.42,4.38,4.46,4.31,103626.0
2022-10-19,4.38,4.36,4.55,4.34,148932.0
2022-10-20,4.4,4.51,4.8,4.34,470261.0
2022-10-21,4.46,4.58,4.95,4.46,427834.0
2022-10-24,4.6,4.66,4.82,4.55,520581.0
2022-10-25,4.6,4.74,4.82,4.48,457804.0
2022-10-26,4.66,4.69,4.75,4.62,338121.0
2022-10-27,4.66,4.54,4.73,4.54,328522.0
2022-10-28,4.48,4.45,4.63,4.42,265052.0
2022-10-31,4.48,4.55,4.59,4.44,215480.0
2022-11-01,4.51,4.6,4.63,4.45,249400.0
2022-11-02,4.66,4.61,4.74,4.59,311555.0
2022-11-03,4.56,4.76,4.95,4.55,518887.0
2022-11-04,4.76,4.8,4.89,4.69,417418.0
2022-11-07,4.75,5.07,5.23,4.74,842465.0
2022-11-08,4.94,4.92,5.0,4.86,484223.0
2022-11-09,4.87,4.84,4.92,4.81,298421.0
2022-11-10,4.84,5.0,5.13,4.82,635757.0
2022-11-11,5.09,5.05,5.29,4.99,784032.0
2022-11-14,4.99,4.96,5.09,4.9,473376.0
2022-11-15,5.0,5.02,5.12,4.95,343581.0
2022-11-16,5.06,5.18,5.28,5.05,661544.0
2022-11-17,5.29,5.19,5.38,5.11,530773.0
2022-11-18,5.19,5.19,5.43,5.16,777588.0
2022-11-21,5.12,5.04,5.25,4.91,574749.0
2022-11-22,5.04,4.99,5.2,4.93,456241.0
2022-11-23,5.01,4.8,5.02,4.71,376304.0
2022-11-24,4.8,4.85,5.0,4.8,305858.0
2022-11-25,4.85,4.84,4.99,4.8,213863.0
2022-11-28,4.76,4.82,4.83,4.71,182087.0
2022-11-29,4.83,4.93,4.96,4.83,223592.0
2022-11-30,4.94,5.02,5.02,4.82,437059.0
2022-12-01,4.96,4.96,5.02,4.92,285432.0
2022-12-02,4.94,5.46,5.46,4.94,587135.0
2022-12-05,6.01,6.01,6.01,6.01,165152.0
2022-12-06,6.07,5.48,6.1,5.41,1690520.0
2022-12-07,5.45,5.55,5.6,5.32,1039588.0
2022-12-08,5.39,5.31,5.4,5.24,656896.0
2022-12-09,5.31,5.19,5.35,5.15,450172.0
2022-12-12,5.19,5.23,5.33,5.17,449041.0
2022-12-13,5.18,5.25,5.25,5.1,400324.0
2022-12-14,5.2,5.16,5.28,5.12,360527.0
2022-12-15,5.16,5.3,5.38,5.11,621523.0
2022-12-16,5.2,5.0,5.24,5.0,536052.0
2022-12-19,5.05,4.94,5.09,4.88,291288.0
2022-12-20,5.2,5.43,5.43,5.15,645443.0
2022-12-21,5.23,5.49,5.7,5.16,1277019.0
2022-12-22,5.35,5.46,5.62,5.31,840686.0
2022-12-23,5.39,5.69,6.01,5.36,1599320.0
2022-12-26,5.69,5.78,5.89,5.54,1251350.0
2022-12-27,5.66,5.57,5.69,5.46,843048.0
2022-12-28,5.53,6.13,6.13,5.44,652341.0
2022-12-29,6.74,6.74,6.74,6.74,168834.0
2022-12-30,7.0,7.41,7.41,6.84,1664147.0
2023-01-03,8.15,8.15,8.15,8.15,116858.0
2023-01-04,8.97,8.97,8.97,8.97,53985.0
2023-01-05,9.87,9.52,9.87,9.35,3494659.0
2023-01-06,8.57,8.57,9.57,8.57,2742646.0
2023-01-09,8.38,8.85,8.97,7.94,2443585.0
2023-01-10,8.76,9.74,9.74,8.57,2663798.0
2023-01-11,9.6,10.25,10.5,8.97,2791087.0
2023-01-12,10.29,9.5,10.72,9.4,2524112.0
2023-01-13,9.9,9.65,10.05,9.03,2211508.0
2023-01-16,9.34,10.0,10.16,9.27,2261535.0
2023-01-17,9.8,9.04,9.88,9.0,2078388.0
2023-01-18,8.76,8.14,8.85,8.14,1669213.0
2023-01-19,7.89,7.65,8.39,7.56,1479726.0
2023-01-20,7.3,7.74,7.92,7.3,1192347.0
2023-01-30,7.82,7.88,8.14,7.76,1116507.0
2023-01-31,7.89,8.37,8.67,7.62,1846558.0
2023-02-01,8.15,9.21,9.21,7.94,2088891.0
2023-02-02,9.2,9.7,10.08,8.94,2446004.0
2023-02-03,9.37,10.67,10.67,9.37,2514337.0
2023-02-06,10.46,9.85,10.46,9.6,2317767.0
2023-02-07,9.5,9.33,9.8,9.28,1504399.0
2023-02-08,9.08,8.92,9.18,8.61,1415956.0
2023-02-09,8.78,9.15,9.28,8.68,1170878.0
2023-02-10,9.05,9.22,9.74,9.0,1429791.0
2023-02-13,9.11,9.23,9.55,9.09,1066818.0
2023-02-14,9.1,9.18,9.55,8.91,1130139.0
2023-02-15,9.08,9.34,9.46,8.79,1364339.0
2023-02-16,9.22,8.98,9.5,8.92,1134279.0
2023-02-17,8.82,8.23,8.95,8.2,1049606.0
2023-02-20,8.23,8.45,8.45,8.21,587222.0
2023-02-21,8.38,8.48,8.66,8.37,589024.0
2023-02-22,8.4,8.43,8.53,8.25,463147.0
2023-02-23,8.43,8.27,8.51,8.26,483581.0
2023-02-24,8.32,8.26,8.34,8.12,434627.0
2023-02-27,8.26,8.07,8.3,8.03,384152.0
2023-02-28,8.25,8.63,8.74,8.19,1146272.0
2023-03-01,8.5,8.9,9.09,8.46,1272278.0
2023-03-02,8.76,8.76,9.1,8.65,1023575.0
2023-03-03,8.65,8.74,8.88,8.59,657300.0
2023-03-06,8.72,8.44,8.74,8.4,575232.0
2023-03-07,8.4,8.39,8.75,8.29,614277.0
2023-03-08,8.55,9.23,9.23,8.55,1750542.0
2023-03-09,9.32,9.15,9.55,9.08,2018581.0
2023-03-10,9.03,8.75,9.34,8.75,1257684.0
2023-03-13,8.65,8.79,8.85,8.41,867798.0
2023-03-14,8.7,8.86,9.06,8.64,910993.0
2023-03-15,8.77,8.86,9.14,8.66,820645.0
2023-03-16,8.68,8.38,8.75,8.33,721577.0
2023-03-17,8.37,8.41,8.6,8.37,551037.0
2023-03-20,8.41,8.1,8.5,8.07,689643.0
2023-03-21,8.04,8.12,8.13,7.84,527035.0
2023-03-22,8.05,8.34,8.45,8.04,655653.0
2023-03-23,8.25,8.27,8.35,8.09,518935.0
2023-03-24,8.29,8.53,8.8,8.28,943362.0
2023-03-27,8.4,8.22,8.46,8.16,684294.0
2023-03-28,8.14,8.37,8.62,8.01,793901.0
2023-03-29,8.3,8.23,8.55,8.12,651026.0
2023-03-30,8.2,8.03,8.28,7.96,519866.0
2023-03-31,7.97,8.05,8.12,7.96,328844.0
2023-04-03,8.0,8.29,8.4,7.98,718420.0
2023-04-04,8.2,8.05,8.34,8.02,588419.0
2023-04-06,7.98,7.69,7.98,7.66,557271.0
2023-04-07,7.68,7.8,7.86,7.66,339170.0
2023-04-10,7.78,7.37,7.78,7.3,477223.0
2023-04-11,7.35,7.55,7.64,7.27,375683.0
2023-04-12,7.49,7.6,7.71,7.47,315885.0
2023-04-13,7.53,7.66,7.8,7.51,441692.0
2023-04-14,7.6,7.44,7.71,7.35,325895.0
2023-04-17,7.35,7.32,7.4,7.23,254299.0
2023-04-18,7.32,7.18,7.32,7.13,254296.0
2023-04-19,7.19,7.18,7.32,7.17,251201.0
2023-04-20,7.24,7.23,7.37,7.15,254785.0
2023-04-21,7.16,6.84,7.19,6.83,401472.0
2023-04-24,6.84,6.9,6.97,6.75,247173.0
2023-04-25,6.92,6.7,6.92,6.55,307026.0
2023-04-26,6.62,6.63,6.73,6.46,295502.0
2023-04-27,6.6,6.51,6.69,6.49,245712.0
2023-04-28,6.66,6.83,6.86,6.59,377621.0
2023-05-04,6.79,6.96,6.98,6.76,290247.0
2023-05-05,6.9,6.9,7.06,6.83,287890.0
2023-05-08,6.87,6.97,7.02,6.8,294502.0
2023-05-09,6.93,6.83,7.0,6.81,233124.0
2023-05-10,6.77,6.82,6.94,6.73,177276.0
2023-05-11,6.86,6.98,7.31,6.84,500813.0
2023-05-12,7.05,6.76,7.29,6.76,472548.0
2023-05-15,6.73,6.84,6.91,6.56,318115.0
2023-05-16,6.8,6.55,6.84,6.51,274098.0
2023-05-17,6.59,6.71,6.84,6.49,285971.0
2023-05-18,6.67,7.05,7.34,6.61,741988.0
2023-05-19,6.9,6.82,6.96,6.76,406905.0
2023-05-22,6.73,6.6,6.78,6.56,322190.0
2023-05-23,6.62,6.55,6.67,6.48,237423.0
2023-05-24,6.57,6.63,6.74,6.51,249661.0
2023-05-25,6.57,6.44,6.68,6.31,284069.0
2023-05-26,6.41,6.53,6.65,6.33,232057.0
2023-05-29,6.51,6.42,6.64,6.37,253974.0
2023-05-30,6.43,6.54,6.55,6.27,288581.0
2023-05-31,6.5,6.8,6.83,6.48,550987.0
2023-06-01,6.72,6.92,7.02,6.64,567436.0
2023-06-02,6.89,6.88,7.0,6.83,334640.0
2023-06-05,6.89,7.06,7.14,6.87,513591.0
2023-06-06,7.0,6.87,7.24,6.86,472090.0
2023-06-07,6.88,7.08,7.19,6.75,549314.0
2023-06-08,7.04,6.94,7.04,6.82,381401.0
2023-06-09,6.95,7.0,7.08,6.88,341281.0
2023-06-12,6.95,6.97,7.05,6.92,281680.0
2023-06-13,6.93,7.12,7.22,6.9,559167.0
2023-06-14,7.09,7.25,7.53,7.08,815461.0
2023-06-15,7.24,7.44,7.7,7.12,913004.0
2023-06-16,7.3,7.33,7.39,7.18,627941.0
2023-06-19,7.33,7.31,7.47,7.29,461681.0
2023-06-20,7.3,7.17,7.35,7.15,362556.0
2023-06-21,7.17,6.86,7.18,6.86,345581.0
2023-06-26,6.8,6.41,6.86,6.4,364209.0
2023-06-27,6.39,6.72,6.76,6.39,355903.0
2023-06-28,6.7,6.68,6.78,6.37,400595.0
2023-06-29,6.58,6.78,6.78,6.56,246765.0
2023-06-30,6.65,6.73,6.77,6.6,305135.0
2023-07-03,6.73,6.72,6.77,6.64,177274.0
2023-07-04,6.73,6.7,6.74,6.65,168106.0
2023-07-05,6.72,6.57,6.74,6.55,203664.0
2023-07-06,6.53,6.52,6.66,6.5,152818.0
2023-07-07,6.49,6.43,6.5,6.37,154554.0
2023-07-10,6.53,6.42,6.53,6.38,120281.0
2023-07-11,6.44,6.43,6.44,6.37,100697.0
2023-07-12,6.45,6.27,6.45,6.27,200369.0
2023-07-13,6.33,6.47,6.59,6.27,294173.0
2023-07-14,6.44,6.56,6.74,6.4,388774.0
2023-07-17,6.45,6.41,6.52,6.37,197829.0
2023-07-18,6.41,6.33,6.41,6.31,156354.0
2023-07-19,6.32,6.34,6.37,6.29,107053.0
2023-07-20,6.36,6.38,6.47,6.3,173209.0
2023-07-21,6.33,6.35,6.4,6.29,109719.0
2023-07-24,6.34,6.44,6.44,6.3,153340.0
2023-07-25,6.47,6.55,6.55,6.44,216025.0
2023-07-26,6.54,6.45,6.54,6.43,145567.0
2023-07-27,6.43,6.35,6.45,6.33,124002.0
2023-07-28,6.3,6.36,6.41,6.3,106101.0
2023-07-31,6.36,6.47,6.53,6.36,167275.0
2023-08-01,6.42,6.43,6.48,6.4,113286.0
2023-08-02,6.43,6.42,6.44,6.38,89793.0
2023-08-03,6.43,6.38,6.43,6.36,84818.0
2023-08-04,6.38,6.48,6.54,6.37,249947.0
2023-08-07,6.5,7.13,7.13,6.49,743918.0
2023-08-08,7.38,7.43,7.84,7.3,1841229.0
2023-08-09,7.19,7.37,7.61,7.19,1084173.0
2023-08-10,7.27,7.19,7.37,7.14,681253.0
2023-08-11,7.16,6.81,7.2,6.8,678360.0
2023-08-14,6.72,7.49,7.49,6.72,739597.0
2023-08-15,7.89,7.7,8.12,7.67,1883974.0
2023-08-16,7.71,8.47,8.47,7.51,1844985.0
2023-08-17,8.24,8.29,9.15,8.1,2303448.0
2023-08-18,8.18,8.39,8.65,8.18,1748402.0
2023-08-21,8.0,8.56,9.03,7.73,1823255.0
2023-08-22,8.36,9.42,9.42,8.36,2128715.0
2023-08-23,9.07,8.58,9.42,8.51,1879256.0
2023-08-24,8.56,8.05,8.9,7.95,1432940.0
2023-08-25,8.02,8.18,8.39,7.65,1264370.0
2023-08-28,8.54,8.03,8.55,7.94,1155738.0
2023-08-29,7.84,8.34,8.5,7.8,1271537.0
2023-08-30,8.22,8.55,8.86,8.1,1530508.0
2023-08-31,8.31,8.07,8.34,8.07,936338.0
2023-09-01,8.07,7.74,8.28,7.55,963361.0
2023-09-04,7.77,8.51,8.51,7.7,967586.0
2023-09-05,8.69,8.62,8.81,8.42,1778430.0
2023-09-06,8.44,8.5,8.67,8.34,1117770.0
2023-09-07,8.41,8.68,9.05,8.37,1776395.0
2023-09-08,8.43,8.17,8.43,8.0,1218677.0
2023-09-11,8.19,8.66,8.99,7.91,1808521.0
2023-09-12,8.5,8.7,8.89,8.41,1458518.0
2023-09-13,8.76,8.84,9.5,8.67,1920885.0
2023-09-14,8.59,8.72,8.81,8.25,1243530.0
2023-09-15,8.61,8.33,8.79,8.3,972298.0
2023-09-18,8.22,8.14,8.27,7.94,914525.0
2023-09-19,8.08,8.19,8.56,8.0,864613.0
2023-09-20,7.98,7.81,8.17,7.8,811306.0
2023-09-21,7.76,7.9,8.06,7.68,628023.0
2023-09-22,7.86,8.07,8.15,7.77,752769.0
2023-09-25,8.04,8.08,8.14,7.97,500596.0
2023-09-26,8.09,8.32,8.5,7.91,1148265.0
2023-09-27,8.13,8.55,8.8,8.09,1310987.0
2023-09-28,8.46,8.53,8.66,8.4,786957.0
2023-10-09,8.54,8.46,8.68,8.36,615058.0
2023-10-10,8.56,8.7,9.2,8.54,1471132.0
2023-10-11,8.6,8.18,8.62,8.13,1159707.0
2023-10-12,8.09,9.0,9.0,8.08,2184668.0
2023-10-13,8.91,8.87,8.97,8.64,1402255.0
2023-10-16,8.79,9.15,9.29,8.71,1734912.0
2023-10-17,9.04,8.9,9.04,8.7,965940.0
2023-10-18,8.88,8.79,9.26,8.76,1248945.0
2023-10-19,8.48,8.19,8.54,8.18,994922.0
2023-10-20,8.07,7.62,8.19,7.55,835548.0
2023-10-23,7.4,7.11,7.48,7.07,647942.0
2023-10-24,7.15,7.68,7.82,7.12,1171561.0
2023-10-25,7.5,7.8,7.9,7.47,946354.0
2023-10-26,7.7,7.68,7.89,7.58,621995.0
2023-10-27,7.6,7.57,7.69,7.42,526747.0
2023-10-30,7.55,7.83,7.93,7.53,678232.0
2023-10-31,7.71,7.67,7.9,7.57,545238.0
2023-11-01,7.61,7.48,7.74,7.46,439418.0
2023-11-02,7.41,7.45,7.62,7.4,410364.0
2023-11-03,7.42,7.49,7.61,7.39,399741.0
2023-11-06,7.53,7.71,7.74,7.51,534008.0
2023-11-07,7.68,7.8,7.83,7.65,579486.0
2023-11-08,7.78,8.0,8.15,7.72,946442.0
2023-11-09,7.89,7.77,7.98,7.75,575223.0
2023-11-10,7.7,7.56,7.74,7.53,384492.0
2023-11-13,7.58,7.77,7.85,7.58,459482.0
2023-11-14,7.78,7.9,8.04,7.78,621292.0
2023-11-15,7.87,7.83,7.97,7.82,485220.0
2023-11-16,7.79,7.88,8.06,7.73,731309.0
2023-11-17,7.83,7.96,7.98,7.83,508193.0
2023-11-20,7.93,8.11,8.23,7.83,816864.0
2023-11-21,8.03,8.17,8.33,8.02,924419.0
2023-11-22,8.36,8.3,8.85,8.24,1396779.0
2023-11-23,8.11,8.08,8.19,7.9,794721.0
2023-11-24,8.13,8.26,8.49,7.98,814715.0
2023-11-27,8.38,8.35,8.65,8.29,948609.0
2023-11-28,8.2,8.6,8.76,8.02,1125452.0
2023-11-29,8.4,8.25,8.45,8.25,683529.0
2023-11-30,8.15,8.51,8.6,8.13,834117.0
2023-12-01,8.41,8.53,8.75,8.39,804556.0
2023-12-04,8.44,8.7,9.0,8.43,1005964.0
2023-12-05,8.58,8.37,8.94,8.32,982947.0
2023-12-06,8.29,8.7,9.19,8.13,1176779.0
2023-12-07,8.56,8.85,8.95,8.51,1069647.0
2023-12-08,8.74,8.58,8.93,8.42,803895.0
2023-12-11,8.46,8.6,8.68,8.4,499335.0
2023-12-12,8.59,8.58,8.78,8.47,590117.0
2023-12-13,8.54,8.12,8.55,8.12,717331.0
2023-12-14,8.08,8.93,8.93,8.05,1201692.0
2023-12-15,9.0,8.83,9.09,8.73,1464253.0
2023-12-18,8.83,8.66,8.99,8.63,781446.0
2023-12-19,8.64,8.67,8.78,8.47,643096.0
2023-12-20,8.59,8.36,8.65,8.31,538303.0
2023-12-21,8.3,8.4,8.58,8.18,469168.0
2023-12-22,8.4,7.73,8.43,7.59,789241.0
2023-12-25,7.73,7.44,7.75,7.29,479532.0
2023-12-26,7.43,7.21,7.43,7.17,391300.0
2023-12-27,7.18,7.28,7.35,7.18,333163.0
2023-12-28,7.24,7.37,7.41,7.08,390370.0
2023-12-29,7.34,7.55,7.69,7.3,455267.0
2024-01-02,7.54,7.43,7.63,7.43,299514.0
2024-01-03,7.38,7.46,7.49,7.35,231157.0
2024-01-04,7.47,7.31,7.49,7.26,215296.0
2024-01-05,7.4,7.24,7.5,7.16,269880.0
2024-01-08,7.18,7.08,7.2,7.08,197201.0
2024-01-09,7.06,6.93,7.16,6.88,288514.0
2024-01-10,6.92,6.71,6.92,6.71,266426.0
2024-01-11,6.72,6.92,6.95,6.71,256431.0
2024-01-12,6.87,6.72,6.92,6.71,224742.0
2024-01-15,6.7,6.67,6.77,6.66,147542.0
2024-01-16,6.67,6.62,6.69,6.48,224190.0
2024-01-17,6.6,6.41,6.6,6.41,155021.0
2024-01-18,6.39,6.36,6.44,6.17,245918.0
2024-01-19,6.36,6.34,6.46,6.32,172440.0
2024-01-22,6.34,5.71,6.34,5.71,378733.0
2024-01-23,5.63,5.84,5.91,5.6,305528.0
2024-01-24,5.83,5.98,5.98,5.71,268284.0
2024-01-25,5.97,6.23,6.28,5.93,316932.0
2024-01-26,6.18,6.27,6.43,6.15,344978.0
2024-01-29,6.25,6.02,6.31,6.01,223539.0
2024-01-30,5.97,5.85,6.08,5.84,171382.0
2024-01-31,5.76,5.39,5.85,5.36,354059.0
2024-02-01,5.4,5.26,5.46,5.1,297705.0
2024-02-02,5.3,5.05,5.5,4.82,365262.0
2024-02-05,4.97,4.55,5.0,4.55,277031.0
2024-02-06,4.13,4.43,4.7,4.1,528841.0
2024-02-07,4.47,4.27,4.56,4.18,362008.0
2024-02-08,4.26,4.56,4.59,4.21,377803.0
2024-02-19,4.62,4.87,4.9,4.62,415874.0
2024-02-20,4.88,5.36,5.36,4.8,460611.0
2024-02-21,5.1,5.31,5.58,5.08,729334.0
2024-02-22,5.27,5.51,5.59,5.27,590669.0
2024-02-23,5.54,5.71,5.74,5.47,644942.0
2024-02-26,5.69,5.71,5.83,5.58,549399.0
2024-02-27,5.68,5.94,5.94,5.6,487939.0
2024-02-28,5.92,5.41,6.1,5.38,653713.0
2024-02-29,5.31,5.7,5.78,5.3,460001.0
2024-03-01,5.72,5.98,6.18,5.63,627633.0
2024-03-04,5.89,6.05,6.18,5.77,586221.0
2024-03-05,6.0,5.89,6.06,5.86,384983.0
2024-03-06,5.91,5.88,5.98,5.79,280427.0
2024-03-07,5.88,5.85,6.1,5.84,439047.0
2024-03-08,5.85,5.84,5.89,5.71,292684.0
2024-03-11,5.8,5.94,5.98,5.75,347340.0
2024-03-12,5.92,6.11,6.18,5.89,597968.0
2024-03-13,6.07,6.13,6.2,6.02,482061.0
2024-03-14,6.09,5.96,6.1,5.88,375253.0
2024-03-15,5.94,5.98,5.99,5.87,225878.0
2024-03-18,6.0,6.15,6.15,5.95,435331.0
2024-03-19,6.14,6.2,6.3,6.11,499440.0
2024-03-20,6.24,6.34,6.44,6.2,561749.0
2024-03-21,6.45,6.37,6.54,6.32,501288.0
2024-03-22,6.3,6.32,6.44,6.16,415003.0
2024-03-25,6.57,6.43,6.95,6.4,1092173.0
2024-03-26,6.2,6.09,6.25,6.0,682576.0
2024-03-27,6.0,5.6,6.01,5.6,459768.0
2024-03-28,5.6,5.87,5.97,5.6,426611.0
2024-03-29,5.85,5.77,5.87,5.67,296180.0
2024-04-01,5.77,5.87,5.88,5.77,237000.0
2024-04-02,5.83,5.75,5.84,5.68,233826.0
2024-04-03,5.77,5.61,5.78,5.57,195588.0
2024-04-08,5.61,5.43,5.63,5.43,187886.0
2024-04-09,5.45,5.65,5.79,5.45,318680.0
2024-04-10,5.58,5.39,5.6,5.32,266864.0
2024-04-11,5.35,5.48,5.6,5.32,191141.0
2024-04-12,5.45,5.28,5.5,5.26,202716.0
2024-04-15,5.24,4.98,5.26,4.84,289000.0
2024-04-16,4.9,4.48,4.95,4.48,309148.0
2024-04-17,4.48,4.86,4.87,4.48,259235.0
2024-04-18,4.88,4.83,4.97,4.7,231086.0
2024-04-19,4.81,4.73,4.88,4.71,144114.0
2024-04-22,4.73,4.74,4.86,4.58,150102.0
2024-04-23,4.73,4.77,4.82,4.73,125716.0
2024-04-24,4.76,4.92,5.06,4.75,259686.0
2024-04-25,4.82,4.85,4.93,4.79,185121.0
2024-04-26,4.85,4.93,4.97,4.84,178489.0
2024-04-29,4.94,5.11,5.11,4.93,250224.0
2024-04-30,5.1,5.08,5.2,4.97,242157.0
2024-05-06,5.12,5.14,5.21,5.08,184905.0
2024-05-07,5.14,5.18,5.21,5.1,166826.0
2024-05-08,5.15,5.05,5.17,5.04,145782.0
2024-05-09,5.06,5.15,5.17,5.05,145711.0
2024-05-10,5.16,5.06,5.18,5.02,136372.0
2024-05-13,5.04,4.85,5.04,4.83,193578.0
2024-05-14,4.87,4.98,5.05,4.85,180953.0
2024-05-15,4.98,4.95,5.04,4.93,123243.0
2024-05-16,4.95,5.06,5.13,4.91,247017.0
2024-05-17,5.05,5.08,5.09,5.0,164307.0
2024-05-20,5.06,5.07,5.13,5.03,157244.0
2024-05-21,5.07,5.02,5.11,5.0,127980.0
2024-05-22,4.99,5.07,5.09,4.99,114007.0
2024-05-23,5.07,4.94,5.14,4.93,235839.0
2024-05-24,4.9,4.83,4.98,4.83,136003.0
2024-05-27,4.79,4.82,4.87,4.69,134025.0
2024-05-28,4.8,4.69,4.8,4.69,111703.0
2024-05-29,4.69,4.68,4.77,4.63,107503.0
2024-05-30,4.68,4.61,4.7,4.6,90562.0
2024-05-31,4.62,4.67,4.7,4.61,96074.0
2024-06-03,4.66,4.55,4.68,4.52,130030.0
2024-06-04,4.54,4.43,4.54,4.38,140062.0
2024-06-05,4.38,4.37,4.47,4.34,111447.0
2024-06-06,4.35,4.0,4.4,3.93,408659.0
2024-06-07,4.01,4.18,4.27,4.01,235013.0
2024-06-11,3.97,4.08,4.13,3.93,187944.0
2024-06-12,4.14,4.21,4.24,4.09,176000.0
2024-06-13,4.23,4.15,4.3,4.15,135980.0
2024-06-14,4.18,4.18,4.19,4.09,90802.0
2024-06-17,4.17,4.11,4.2,4.09,115589.0
2024-06-18,4.14,4.23,4.23,4.12,146737.0
2024-06-19,4.25,4.26,4.3,4.22,128064.0
2024-06-20,4.25,4.08,4.28,4.08,134293.0
2024-06-21,4.06,4.03,4.12,4.03,80104.0
2024-06-24,4.0,3.87,4.01,3.84,147510.0
2024-06-25,3.88,3.91,3.96,3.88,104303.0
2024-06-26,3.93,4.09,4.09,3.87,143628.0
2024-06-27,4.08,4.02,4.13,4.02,115067.0
2024-06-28,4.05,3.96,4.08,3.95,117182.0
2024-07-01,3.97,4.01,4.02,3.9,88008.0
2024-07-02,4.02,4.21,4.35,4.02,363271.0
2024-07-03,4.13,4.17,4.24,4.13,191265.0
2024-07-04,4.15,4.02,4.19,4.01,148232.0
2024-07-05,4.05,4.13,4.15,3.94,159844.0
2024-07-08,4.09,3.94,4.13,3.94,166272.0
2024-07-09,3.95,3.94,3.98,3.76,198340.0
2024-07-10,3.95,3.86,3.95,3.85,120697.0
2024-07-11,3.95,4.03,4.04,3.94,186376.0
2024-07-12,4.05,4.01,4.11,3.99,136675.0
2024-07-15,4.05,3.91,4.05,3.89,124200.0
2024-07-16,3.92,3.9,3.92,3.86,91709.0
2024-07-17,3.93,3.86,3.94,3.86,84250.0
2024-07-18,3.86,3.84,3.87,3.75,98196.0
2024-07-19,3.84,3.89,3.93,3.8,117036.0
2024-07-22,3.85,3.98,4.01,3.85,160931.0
2024-07-23,3.98,3.92,4.05,3.92,120298.0
2024-07-24,3.9,3.8,3.94,3.79,118806.0
2024-07-25,3.76,3.83,3.85,3.72,94101.0
2024-07-26,3.83,3.94,3.95,3.82,131083.0
2024-07-29,3.94,3.98,3.99,3.89,130870.0
2024-07-30,3.97,4.0,4.02,3.94,97074.0
2024-07-31,4.02,4.12,4.13,3.99,149400.0
2024-08-01,4.11,4.12,4.15,4.09,122132.0
2024-08-02,4.1,4.08,4.15,4.06,110027.0
2024-08-05,4.08,4.0,4.18,4.0,126423.0
2024-08-06,4.04,4.11,4.11,4.02,113958.0
2024-08-07,4.11,4.08,4.12,4.07,85838.0
2024-08-08,4.08,4.09,4.11,4.0,95929.0
2024-08-09,4.1,4.02,4.1,4.02,83845.0
2024-08-12,4.02,3.96,4.04,3.94,78133.0
2024-08-13,3.97,3.98,3.99,3.9,62976.0
2024-08-14,3.97,4.0,4.02,3.96,74422.0
2024-08-15,3.97,4.07,4.09,3.94,101294.0
2024-08-16,4.07,4.04,4.09,4.03,75070.0
2024-08-19,4.06,4.04,4.09,4.01,72690.0
2024-08-20,4.04,3.97,4.06,3.95,91374.0
2024-08-21,3.96,3.92,4.0,3.91,83592.0
2024-08-22,3.91,3.8,3.97,3.8,102309.0
2024-08-23,3.81,3.81,3.84,3.76,87620.0
2024-08-26,3.82,3.9,3.93,3.78,102390.0
2024-08-27,3.92,3.82,3.94,3.8,92003.0
2024-08-28,3.82,3.89,3.93,3.76,103091.0
2024-08-29,3.87,3.9,3.91,3.82,82097.0
2024-08-30,3.95,4.14,4.23,3.94,334668.0
2024-09-02,4.15,4.16,4.24,4.14,214582.0
2024-09-03,4.16,4.19,4.22,4.12,141161.0
2024-09-04,4.17,4.17,4.21,4.14,114626.0
2024-09-05,4.17,4.21,4.24,4.17,105117.0
2024-09-06,4.21,4.14,4.24,4.14,100915.0
2024-09-09,4.12,4.17,4.22,4.07,105806.0
2024-09-10,4.15,4.22,4.23,4.13,136108.0
2024-09-11,4.2,4.17,4.22,4.14,102791.0
2024-09-12,4.15,4.2,4.24,4.15,134792.0
2024-09-13,4.23,4.2,4.42,4.2,354089.0
2024-09-18,4.17,4.1,4.21,4.04,203636.0
2024-09-19,4.11,4.25,4.26,4.09,209913.0
2024-09-20,4.26,4.3,4.31,4.24,166094.0
2024-09-23,4.28,4.35,4.37,4.23,192386.0
2024-09-24,4.37,4.42,4.42,4.29,252186.0
2024-09-25,4.44,4.46,4.56,4.43,290798.0
2024-09-26,4.43,4.59,4.6,4.42,254873.0
2024-09-27,4.67,4.78,4.9,4.55,432735.0
2024-09-30,4.99,5.24,5.26,4.87,573341.0
2024-10-08,5.76,5.56,5.76,5.06,756337.0
2024-10-09,5.37,5.0,5.4,5.0,532998.0
2024-10-10,5.2,5.05,5.34,5.02,415610.0
2024-10-11,4.95,4.81,5.05,4.76,303912.0
2024-10-14,4.79,4.98,4.98,4.77,248627.0
2024-10-15,4.96,4.94,5.06,4.89,213042.0
2024-10-16,4.9,4.94,4.99,4.87,150190.0
2024-10-17,4.96,5.0,5.08,4.96,215914.0
2024-10-18,4.98,5.03,5.1,4.9,309500.0
2024-10-21,5.01,5.07,5.13,4.99,301668.0
2024-10-22,5.04,5.2,5.25,5.04,396906.0
2024-10-23,5.2,5.12,5.24,5.1,291616.0
2024-10-24,5.1,5.12,5.16,5.04,170564.0
2024-10-25,5.12,5.25,5.25,5.12,295006.0
2024-10-28,5.25,5.4,5.4,5.19,311861.0
2024-10-29,5.46,5.22,5.49,5.22,289679.0
2024-10-30,5.21,5.23,5.28,5.15,198705.0
2024-10-31,5.4,5.75,5.75,5.39,794690.0
2024-11-01,5.84,5.42,5.84,5.38,929431.0
2024-11-04,5.4,5.48,5.52,5.3,408889.0
2024-11-05,5.46,5.54,5.58,5.43,480197.0
2024-11-06,5.55,5.72,5.91,5.55,708336.0
2024-11-07,5.66,5.96,6.0,5.58,768386.0
2024-11-08,5.94,5.86,6.08,5.82,624100.0
2024-11-11,5.8,5.96,5.96,5.8,427871.0
2024-11-12,6.05,5.93,6.22,5.86,641433.0
2024-11-13,5.85,5.97,6.11,5.81,492926.0
2024-11-14,5.93,5.65,5.97,5.64,399861.0
2024-11-15,5.64,5.58,5.83,5.56,310619.0
2024-11-18,5.63,5.21,5.66,5.17,407146.0
2024-11-19,5.21,5.33,5.34,5.15,239141.0
2024-11-20,5.33,5.57,5.6,5.31,321892.0
2024-11-21,5.56,5.79,5.87,5.52,413868.0
2024-11-22,5.71,5.59,5.91,5.5,369475.0
2024-11-25,5.58,5.75,5.75,5.43,331235.0
2024-11-26,5.76,5.99,6.33,5.72,1335144.0
2024-11-27,5.86,6.16,6.16,5.67,1058010.0
2024-11-28,6.18,6.25,6.52,6.12,1095478.0
2024-11-29,6.31,6.28,6.53,6.14,914137.0
2024-12-02,6.2,6.34,6.58,6.17,709312.0
2024-12-03,6.24,6.17,6.3,6.08,560660.0
2024-12-04,6.11,5.97,6.23,5.93,477612.0
2024-12-05,6.01,6.27,6.54,5.98,751701.0
2024-12-06,6.27,6.38,6.46,6.2,637665.0
2024-12-09,6.38,6.32,6.55,6.22,456198.0
2024-12-10,6.45,6.45,6.62,6.29,877184.0
2024-12-11,6.41,6.57,6.63,6.41,639922.0
2024-12-12,6.6,6.63,6.86,6.53,733360.0
2024-12-13,6.51,7.29,7.29,6.51,1201554.0
2024-12-16,7.08,6.81,7.15,6.77,1440598.0
2024-12-17,6.95,7.49,7.49,6.83,1326351.0
2024-12-18,7.2,7.53,8.2,7.1,2279380.0
2024-12-19,7.17,6.78,7.51,6.78,1472526.0
2024-12-20,6.55,6.33,6.69,6.28,1241316.0
2024-12-23,6.24,5.7,6.25,5.7,959247.0
2024-12-24,5.85,5.69,6.03,5.51,785430.0
2024-12-25,5.61,5.41,5.62,5.23,647305.0
2024-12-26,5.47,5.51,5.63,5.42,483985.0
2024-12-27,5.49,5.55,5.7,5.45,429176.0
2024-12-30,5.55,5.37,5.58,5.33,331863.0
2024-12-31,5.43,5.24,5.47,5.23,323508.0
2025-01-02,5.2,5.29,5.47,5.15,402967.0
2025-01-03,5.3,4.93,5.33,4.91,450515.0
2025-01-06,4.86,4.86,4.93,4.71,271868.0
2025-01-07,4.87,5.06,5.07,4.87,292128.0
2025-01-08,5.05,5.08,5.13,4.9,288259.0
2025-01-09,5.04,5.16,5.2,5.01,254297.0
2025-01-10,5.13,4.9,5.2,4.9,267976.0
2025-01-13,4.83,4.92,4.94,4.68,230423.0
2025-01-14,4.97,5.23,5.24,4.94,342179.0
2025-01-15,5.24,5.3,5.37,5.19,346824.0
2025-01-16,5.3,5.37,5.43,5.26,283129.0
2025-01-17,5.36,5.3,5.36,5.26,190136.0
2025-01-20,5.36,5.32,5.4,5.24,194242.0
2025-01-21,5.36,5.22,5.41,5.16,236142.0
2025-01-22,5.17,5.13,5.2,5.1,159000.0
2025-01-23,5.19,5.06,5.27,5.05,229130.0
2025-01-24,5.01,5.15,5.2,4.98,216849.0
2025-01-27,5.3,5.21,5.49,5.2,411046.0
2025-02-05,5.29,5.42,5.48,5.24,395211.0
2025-02-06,5.4,5.54,5.55,5.34,345808.0
2025-02-07,5.54,5.57,5.65,5.49,402412.0
2025-02-10,5.56,5.74,5.74,5.55,335664.0
2025-02-11,5.73,5.78,5.88,5.63,465703.0
2025-02-12,5.77,5.81,5.84,5.72,295542.0
2025-02-13,5.81,5.82,5.9,5.74,369527.0
2025-02-14,6.04,5.93,6.15,5.8,773025.0
2025-02-17,5.9,5.95,6.05,5.88,553004.0
2025-02-18,5.92,5.63,5.94,5.61,459873.0
2025-02-19,5.65,5.73,5.74,5.6,267154.0
2025-02-20,5.71,5.78,5.81,5.7,244275.0
2025-02-21,5.75,5.82,5.91,5.64,388800.0
2025-02-24,5.83,5.78,5.85,5.73,255961.0
2025-02-25,5.72,5.77,5.95,5.66,503803.0
2025-02-26,5.82,5.84,5.89,5.78,369607.0
2025-02-27,5.84,5.86,5.95,5.74,407024.0
2025-02-28,5.85,5.62,5.95,5.6,376450.0
2025-03-03,5.61,5.59,5.71,5.55,252823.0
2025-03-04,5.54,5.63,5.65,5.52,185629.0
2025-03-05,5.61,5.6,5.63,5.49,228238.0
2025-03-06,5.6,5.77,5.8,5.6,319509.0
2025-03-07,5.78,5.67,5.79,5.64,233489.0
2025-03-10,5.65,5.62,5.68,5.55,188736.0
2025-03-11,5.52,5.61,5.65,5.5,172423.0
2025-03-12,5.62,5.8,5.92,5.62,480984.0
2025-03-13,5.8,5.69,5.8,5.56,327700.0
2025-03-14,5.69,5.79,5.8,5.63,312798.0
2025-03-17,5.81,5.77,5.87,5.76,273704.0
2025-03-18,5.8,5.77,5.81,5.71,216748.0
2025-03-19,5.73,5.68,5.75,5.63,219731.0
2025-03-20,5.68,5.61,5.69,5.6,167334.0
2025-03-21,5.61,5.48,5.62,5.47,237563.0
2025-03-24,5.47,5.29,5.47,5.16,255451.0
2025-03-25,5.29,5.21,5.29,5.15,181164.0
2025-03-26,5.23,5.29,5.31,5.2,152026.0
2025-03-27,5.26,5.23,5.32,5.17,140405.0
2025-03-28,5.26,5.17,5.29,5.15,138295.0
2025-03-31,5.11,5.09,5.14,4.99,174263.0
2025-04-01,5.11,5.16,5.22,5.11,129502.0
2025-04-02,5.17,5.15,5.22,5.12,91206.0
2025-04-03,5.07,5.16,5.19,5.06,99746.0
2025-04-07,4.9,4.64,4.91,4.64,167547.0
2025-04-08,4.46,4.45,4.65,4.33,296423.0
2025-04-09,4.41,4.61,4.65,4.12,276746.0
2025-04-10,4.68,4.72,4.77,4.65,198539.0
2025-04-11,4.65,4.77,4.81,4.65,150617.0
2025-04-14,4.82,4.88,4.98,4.82,179935.0
2025-04-15,4.88,4.88,4.96,4.83,116914.0
2025-04-16,4.86,4.8,4.89,4.72,141567.0
2025-04-17,4.79,4.86,4.92,4.74,135186.0
2025-04-18,4.86,4.86,4.91,4.81,101513.0
2025-04-21,4.86,5.35,5.35,4.83,449027.0
2025-04-22,5.35,5.4,5.47,5.2,834094.0
2025-04-23,5.34,5.28,5.37,5.22,408633.0
2025-04-24,5.3,5.11,5.32,5.1,345236.0
2025-04-25,5.09,5.15,5.19,5.06,249570.0
2025-04-28,5.15,5.02,5.15,4.97,203785.0
2025-04-29,5.05,5.14,5.15,5.01,194239.0
2025-04-30,5.09,5.12,5.19,5.04,202414.0
2025-05-06,5.19,5.28,5.28,5.15,240228.0
2025-05-07,5.3,5.23,5.32,5.17,244093.0
2025-05-08,5.2,5.31,5.36,5.17,295392.0
2025-05-09,5.32,5.48,5.77,5.22,679703.0
2025-05-12,5.45,5.43,5.52,5.36,419969.0
2025-05-13,5.44,5.35,5.48,5.33,251006.0
2025-05-14,5.37,5.34,5.37,5.28,184635.0
2025-05-15,5.34,5.26,5.36,5.24,140125.0
2025-05-16,5.23,5.27,5.3,5.21,122202.0
2025-05-19,5.23,5.37,5.37,5.23,177995.0
2025-05-20,5.38,5.41,5.44,5.34,251996.0
2025-05-21,5.41,5.35,5.41,5.31,148534.0
2025-05-22,5.36,5.26,5.39,5.21,166472.0
2025-05-23,5.26,5.17,5.34,5.17,187675.0
2025-05-26,5.19,5.38,5.39,5.17,248185.0
2025-05-27,5.38,5.4,5.43,5.35,220328.0
2025-05-28,5.4,5.36,5.42,5.31,156015.0
2025-05-29,5.36,5.54,5.55,5.33,364458.0
2025-05-30,5.53,5.48,5.74,5.46,486119.0
2025-06-03,5.5,5.62,5.95,5.5,432826.0
2025-06-04,5.6,5.72,5.73,5.53,364316.0
2025-06-05,5.72,5.88,6.1,5.65,750606.0
2025-06-06,5.88,5.69,5.89,5.69,511113.0
2025-06-09,5.69,5.79,5.93,5.68,468408.0
2025-06-10,5.78,5.71,5.79,5.61,378546.0
2025-06-11,5.74,5.7,5.77,5.68,224904.0
2025-06-12,5.68,6.27,6.27,5.68,785966.0
2025-06-13,6.9,6.9,6.9,6.9,237188.0
2025-06-16,6.91,7.12,7.46,6.91,2473651.0
2025-06-17,6.98,7.33,7.72,6.69,2332397.0
2025-06-18,7.13,8.06,8.06,7.13,2688619.0
2025-06-19,7.74,8.21,8.75,7.25,2893752.0
2025-06-20,8.21,9.03,9.03,8.21,2203793.0
2025-06-23,9.22,9.93,9.93,8.96,2473674.0
2025-06-24,10.19,9.81,10.84,9.5,3197925.0
2025-06-25,9.66,9.42,10.15,9.3,2602345.0
2025-06-26,9.0,9.9,10.2,8.78,2858709.0
2025-06-27,9.51,10.0,10.62,9.41,2647176.0
2025-06-30,10.19,10.6,10.76,9.65,2576004.0
2025-07-01,10.41,11.66,11.66,10.09,3085234.0
2025-07-02,11.01,10.49,11.23,10.49,1926265.0
2025-07-03,9.48,9.84,10.46,9.48,2140678.0
2025-07-04,9.97,9.43,10.12,9.35,1794286.0
2025-07-07,9.56,9.75,9.89,9.45,1472542.0
2025-07-08,9.75,9.7,9.87,9.51,1404090.0
2025-07-09,9.69,9.52,9.97,9.49,1373224.0
2025-07-10,9.43,9.01,9.49,8.93,1481544.0
2025-07-11,9.0,9.25,9.38,8.88,1324228.0
2025-07-14,9.28,9.52,9.64,9.06,1490413.0
2025-07-15,9.42,9.94,10.2,9.08,1775209.0
2025-07-16,9.65,9.64,10.1,9.48,1668570.0
2025-07-17,9.45,9.31,9.85,9.27,1480266.0
2025-07-18,9.14,9.01,9.4,8.98,1069235.0
2025-07-21,8.91,8.73,9.04,8.69,960316.0
2025-07-22,8.68,8.54,8.72,8.48,796967.0
2025-07-23,8.46,8.38,8.5,8.31,562738.0
2025-07-24,8.39,8.42,8.42,8.31,507543.0
2025-07-25,8.39,8.31,8.42,8.25,519347.0
2025-07-28,8.3,8.35,8.4,8.26,421128.0
2025-07-29,8.38,8.29,8.41,8.16,527409.0
2025-07-30,8.25,8.14,8.26,8.03,534833.0
2025-07-31,8.1,8.03,8.2,8.0,339916.0
2025-08-01,8.02,7.98,8.06,7.9,346853.0
